seed	arm	project	architecture	arch_level	demog_level	demog_level_sub	n_traits	ispleiotropy	K_authors	k_best	meanFst	r2_pc1_temp	r2_pc1_sal	n_snps	n_causal_pre	n_causal_maf01	n_causal_temp	n_causal_sal	final_LA	group	added
1232568	control_degenerate	MVP1232568	mod-polygenic_2-trait-pleiotropy-equal-S	mod-polygenic	Est-Clines	N-variable_m-variable	2	1	1	2	0.2166	0.9397	0.0036	10062	389	38	37	37	0.4895	group1	initial
1231578	control_degenerate	MVP1231578	highly-polygenic_2-trait-no-pleiotropy-unequal-S	highly-polygenic	Est-Clines	N-variable_m-variable	2	0	1	2	0.2102	0.9197	4e-04	13161	2103	515	236	278	0.3316	group1	initial
1231288	primary	MVP1231288	oliogenic_2-trait-no-pleiotropy-unequal-S	oliogenic	SS-Mtn	N-variable_m-variable	2	0	2	2	0.2174	0.5712	0.0015	11287	14	6	2	4	0.3917	group1	initial
1231948	primary	MVP1231948	oliogenic_2-trait-no-pleiotropy-equal-S	oliogenic	SS-Mtn	N-variable_m-variable	2	0	4	4	0.2146	0.2358	0.0463	5884	10	8	4	4	0.5325	group2	group2_phase1
1232578	primary	MVP1232578	mod-polygenic_2-trait-pleiotropy-equal-S	mod-polygenic	SS-Mtn	N-variable_m-variable	2	1	7	7	0.2046	0.4333	0.0249	10145	436	28	28	28	0.5488	group1	initial
1231198	primary	MVP1231198	mod-polygenic_2-trait-no-pleiotropy-equal-S	mod-polygenic	SS-Mtn	N-variable_m-variable	2	0	4	4	0.1997	0.2099	0.0047	10948	560	70	34	36	0.5488	group2	group2_phase1
1232023	primary	MVP1232023	highly-polygenic_2-trait-no-pleiotropy-equal-S	highly-polygenic	SS-Mtn	N-variable_m-variable	2	0	2	2	0.1991	0.2604	0.0019	7356	2433	387	189	198	0.5496	group3	group3_phase2
1231498	primary	MVP1231498	oliogenic_2-trait-no-pleiotropy-equal-S	oliogenic	SS-Mtn	N-variable_m-variable	2	0	3	3	0.1984	0.2423	0	10322	14	11	5	6	0.5451	group2	group2_phase1
1232548	primary	MVP1232548	mod-polygenic_2-trait-no-pleiotropy-equal-S	mod-polygenic	SS-Mtn	N-variable_m-variable	2	0	5	5	0.1978	0.5726	0.0046	10394	643	70	30	40	0.5458	group1	initial
1231858	primary	MVP1231858	mod-polygenic_1-trait	mod-polygenic	SS-Mtn	N-variable_m-variable	1	0	3	3	0.1952	0.5206	0.0124	8526	465	46	46	0	0.4728	group1	initial
1232218	primary	MVP1232218	oliogenic_2-trait-pleiotropy-unequal-S	oliogenic	SS-Mtn	N-variable_m-variable	2	1	2	2	0.1925	0.345	0.0034	9934	8	6	6	6	0.3674	group1	initial
1231993	primary	MVP1231993	oliogenic_2-trait-pleiotropy-unequal-S	oliogenic	SS-Mtn	N-variable_m-variable	2	1	2	2	0.1923	0.418	6e-04	4985	11	8	8	8	0.3667	group1	initial
1231483	primary	MVP1231483	oliogenic_1-trait	oliogenic	SS-Mtn	N-variable_m-variable	1	0	2	2	0.1881	0.238	0.0023	10811	7	4	4	0	0.4786	group3	group3_phase2
1232128	primary	MVP1232128	mod-polygenic_2-trait-pleiotropy-equal-S	mod-polygenic	SS-Mtn	N-variable_m-variable	2	1	4	4	0.1863	0.6789	0.0023	13053	444	27	27	27	0.5505	group3	group3_phase2
1232398	primary	MVP1232398	oliogenic_2-trait-no-pleiotropy-equal-S	oliogenic	SS-Mtn	N-variable_m-variable	2	0	1	2	0.1853	0.5026	0.0054	9548	16	10	3	7	0.5462	group1	initial
1231723	primary	MVP1231723	oliogenic_2-trait-no-pleiotropy-equal-S	oliogenic	SS-Mtn	N-variable_m-variable	2	0	2	2	0.184	0.627	1e-04	6079	13	9	4	5	0.5142	group3	group3_phase2
1232233	primary	MVP1232233	highly-polygenic_1-trait	highly-polygenic	SS-Mtn	N-variable_m-variable	1	0	3	3	0.1839	0.7151	0.0219	10955	2186	271	271	0	0.481	group3	group3_phase2
1233208	primary	MVP1233208	mod-polygenic_1-trait	mod-polygenic	SS-Mtn	N-variable_m-variable	1	0	4	4	0.1821	0.4506	0.0143	9672	516	39	39	0	0.4674	group1	initial
1233193	primary	MVP1233193	highly-polygenic_2-trait-pleiotropy-unequal-S	highly-polygenic	SS-Mtn	N-variable_m-variable	2	1	4	4	0.1821	0.6497	0.0402	12478	2305	392	392	392	0.3985	group3	group3_phase2
1232353	primary	MVP1232353	mod-polygenic_2-trait-pleiotropy-equal-S	mod-polygenic	SS-Mtn	N-variable_m-variable	2	1	3	3	0.1781	0.658	6e-04	12488	456	30	30	30	0.5485	group3	group3_phase2
1231123	primary	MVP1231123	highly-polygenic_2-trait-no-pleiotropy-equal-S	highly-polygenic	SS-Mtn	N-variable_m-variable	2	0	4	4	0.1776	0.7388	0	13781	2405	410	183	227	0.5555	group3	group3_phase2
1233253	primary	MVP1233253	mod-polygenic_2-trait-pleiotropy-equal-S	mod-polygenic	SS-Mtn	N-variable_m-variable	2	1	3	3	0.1765	0.2135	0.0078	9384	439	29	29	29	0.5355	group3	group3_phase2
1232923	primary	MVP1232923	highly-polygenic_2-trait-no-pleiotropy-equal-S	highly-polygenic	SS-Mtn	N-variable_m-variable	2	0	3	3	0.1758	0.3245	0.0293	12185	2228	363	163	200	0.5539	group1	initial
1231798	primary	MVP1231798	highly-polygenic_2-trait-no-pleiotropy-equal-S	highly-polygenic	SS-Mtn	N-variable_m-variable	2	0	3	3	0.174	0.3973	0.027	9916	2250	395	171	224	0.5459	group1	initial
1233343	primary	MVP1233343	oliogenic_2-trait-pleiotropy-unequal-S	oliogenic	SS-Mtn	N-variable_m-variable	2	1	1	2	0.1738	0.6134	0.0098	8091	12	8	8	8	0.362	group3	group3_phase2
1232788	primary	MVP1232788	mod-polygenic_2-trait-no-pleiotropy-unequal-S	mod-polygenic	SS-Mtn	N-variable_m-variable	2	0	2	2	0.1719	0.3611	0.0193	9490	694	72	42	30	0.4088	group1	group1_expansion
1232908	primary	MVP1232908	highly-polygenic_1-trait	highly-polygenic	SS-Mtn	N-variable_m-variable	1	0	2	2	0.1717	0.3973	0.0058	11438	2071	268	268	0	0.4766	group1	initial
1232593	primary	MVP1232593	mod-polygenic_2-trait-pleiotropy-unequal-S	mod-polygenic	SS-Mtn	N-variable_m-variable	2	1	3	3	0.1716	0.4353	0.0033	11570	548	32	32	32	0.3921	group3	group3_phase2
1233133	primary	MVP1233133	highly-polygenic_1-trait	highly-polygenic	SS-Mtn	N-variable_m-variable	1	0	2	2	0.1711	0.3103	0.0174	10831	2123	324	324	0	0.4687	group1	initial
1233328	primary	MVP1233328	oliogenic_2-trait-pleiotropy-equal-S	oliogenic	SS-Mtn	N-variable_m-variable	2	1	3	3	0.1708	0.3642	0.0058	13025	11	8	8	8	0.5389	group1	group1_expansion
1233058	primary	MVP1233058	oliogenic_1-trait	oliogenic	SS-Mtn	N-variable_m-variable	1	0	2	2	0.1702	0.6899	0.0159	11247	8	5	5	0	0.4654	group3	group3_phase2
1231603	primary	MVP1231603	highly-polygenic_2-trait-pleiotropy-equal-S	highly-polygenic	SS-Mtn	N-variable_m-variable	2	1	2	2	0.1685	0.3513	0.0353	8878	2123	316	316	316	0.5356	group3	group3_phase2
1232503	primary	MVP1232503	highly-polygenic_2-trait-pleiotropy-equal-S	highly-polygenic	SS-Mtn	N-variable_m-variable	2	1	2	2	0.1679	0.4375	0.0319	13370	2369	346	343	343	0.561	group3	group3_phase2
1232773	primary	MVP1232773	mod-polygenic_2-trait-no-pleiotropy-equal-S	mod-polygenic	SS-Mtn	N-variable_m-variable	2	0	2	2	0.167	0.2299	0.0037	12554	642	60	25	35	0.552	group3	group3_phase2
1233118	primary	MVP1233118	oliogenic_2-trait-pleiotropy-unequal-S	oliogenic	SS-Mtn	N-variable_m-variable	2	1	1	2	0.1626	0.2445	0.0188	11984	13	7	7	7	0.3674	group3	group3_phase2
1232473	primary	MVP1232473	highly-polygenic_2-trait-no-pleiotropy-equal-S	highly-polygenic	SS-Mtn	N-variable_m-variable	2	0	3	3	0.1624	0.2619	0.0026	11377	2333	343	163	179	0.5419	group2	group2_phase1
1231168	primary	MVP1231168	highly-polygenic_2-trait-pleiotropy-unequal-S	highly-polygenic	SS-Mtn	N-variable_m-variable	2	1	5	5	0.1612	0.3818	0.0051	10140	2265	342	342	342	0.398	group3	group3_phase2
1233178	primary	MVP1233178	highly-polygenic_2-trait-pleiotropy-equal-S	highly-polygenic	SS-Mtn	N-variable_m-variable	2	1	2	2	0.1598	0.7016	0.0371	14007	2229	324	323	323	0.5377	group3	group3_phase2
1233163	primary	MVP1233163	highly-polygenic_2-trait-no-pleiotropy-unequal-S	highly-polygenic	SS-Mtn	N-variable_m-variable	2	0	3	3	0.1582	0.5678	0.0052	13310	2462	454	229	223	0.393	group2	group2_phase1
1231318	primary	MVP1231318	oliogenic_2-trait-pleiotropy-unequal-S	oliogenic	SS-Mtn	N-variable_m-variable	2	1	2	2	0.1571	0.5735	0.0106	9066	12	8	8	8	0.3909	group2	group2_phase1
1231528	primary	MVP1231528	oliogenic_2-trait-pleiotropy-equal-S	oliogenic	SS-Mtn	N-variable_m-variable	2	1	2	2	0.1569	0.4094	4e-04	8627	12	10	10	10	0.5229	group2	group2_phase1
1232728	primary	MVP1232728	highly-polygenic_2-trait-pleiotropy-equal-S	highly-polygenic	SS-Mtn	N-variable_m-variable	2	1	1	2	0.1554	0.53	0	12055	2265	307	307	307	0.5421	group3	group3_phase2
1232383	primary	MVP1232383	oliogenic_1-trait	oliogenic	SS-Mtn	N-variable_m-variable	1	0	2	2	0.1551	0.2529	0.0079	10650	8	4	4	0	0.4672	group1	group1_expansion
1233238	primary	MVP1233238	mod-polygenic_2-trait-no-pleiotropy-unequal-S	mod-polygenic	SS-Mtn	N-variable_m-variable	2	0	2	2	0.1549	0.2786	0.0317	14029	717	79	41	38	0.3998	group3	group3_phase2
1232368	primary	MVP1232368	mod-polygenic_2-trait-pleiotropy-unequal-S	mod-polygenic	SS-Mtn	N-variable_m-variable	2	1	9	9	0.1541	0.2469	0.0348	7426	540	34	34	34	0.3832	group1	group1_expansion
1232113	primary	MVP1232113	mod-polygenic_2-trait-no-pleiotropy-unequal-S	mod-polygenic	SS-Mtn	N-variable_m-variable	2	0	3	3	0.1532	0.3523	0.0144	9080	659	78	42	36	0.3947	group3	group3_phase2
1231903	primary	MVP1231903	mod-polygenic_2-trait-pleiotropy-equal-S	mod-polygenic	SS-Mtn	N-variable_m-variable	2	1	2	2	0.1527	0.7406	0.0017	12007	438	24	24	24	0.531	group3	group3_phase2
1233298	primary	MVP1233298	oliogenic_2-trait-no-pleiotropy-equal-S	oliogenic	SS-Mtn	N-variable_m-variable	2	0	2	2	0.1527	0.6265	0.0051	12361	7	6	3	3	0.5132	group3	group3_phase2
1232098	primary	MVP1232098	mod-polygenic_2-trait-no-pleiotropy-equal-S	mod-polygenic	SS-Mtn	N-variable_m-variable	2	0	5	5	0.1523	0.6112	0.0312	12082	611	64	30	34	0.5504	group3	group3_phase2
1231974	primary	MVP1231974	oliogenic_2-trait-pleiotropy-equal-S	oliogenic	SS-Mtn	N-cline-center-to-edge_m-constant	2	1	3	3	0.1512	0.2291	4e-04	24381	7	6	6	6	0.5228	group1	group1_expansion
1232698	primary	MVP1232698	highly-polygenic_2-trait-no-pleiotropy-equal-S	highly-polygenic	SS-Mtn	N-variable_m-variable	2	0	4	4	0.1499	0.4367	0.0296	10905	2483	406	195	211	0.5507	group1	group1_expansion
1232425	primary	MVP1232425	oliogenic_2-trait-pleiotropy-equal-S	oliogenic	SS-Mtn	N-cline-N-to-S_m-constant	2	1	4	4	0.1497	0.6661	3e-04	25836	11	9	9	9	0.5009	group3	group3_phase2
1231828	primary	MVP1231828	highly-polygenic_2-trait-pleiotropy-equal-S	highly-polygenic	SS-Mtn	N-variable_m-variable	2	1	2	2	0.1495	0.2105	0.0166	9635	2261	327	327	327	0.5415	group2	group2_phase1
1231468	primary	MVP1231468	mod-polygenic_2-trait-pleiotropy-unequal-S	mod-polygenic	SS-Mtn	N-variable_m-variable	2	1	2	2	0.1461	0.5578	0.0287	11287	532	33	33	33	0.3908	group1	group1_expansion
1231558	primary	MVP1231558	highly-polygenic_1-trait	highly-polygenic	SS-Mtn	N-variable_m-variable	1	0	2	2	0.1459	0.6854	0.011	14035	2312	316	316	0	0.4738	group3	group3_phase2
1232620	primary	MVP1232620	oliogenic_2-trait-no-pleiotropy-equal-S	oliogenic	SS-Mtn	N-cline-N-to-S_m-constant	2	0	2	2	0.1453	0.2449	5e-04	25576	13	9	3	6	0.5109	group2	group2_phase1
1231513	primary	MVP1231513	oliogenic_2-trait-no-pleiotropy-unequal-S	oliogenic	SS-Mtn	N-variable_m-variable	2	0	2	2	0.1452	0.5099	1e-04	9600	21	9	3	6	0.3888	group1	group1_expansion
1233295	primary	MVP1233295	oliogenic_2-trait-no-pleiotropy-equal-S	oliogenic	SS-Mtn	N-cline-N-to-S_m-constant	2	0	2	2	0.1436	0.7163	0	25403	15	9	4	5	0.5359	group3	group3_phase2
1232769	primary	MVP1232769	mod-polygenic_2-trait-no-pleiotropy-equal-S	mod-polygenic	SS-Mtn	N-cline-center-to-edge_m-constant	2	0	3	3	0.1416	0.3584	0.0056	24875	740	57	23	34	0.5667	group2	group2_phase1
1233100	primary	MVP1233100	oliogenic_2-trait-pleiotropy-equal-S	oliogenic	SS-Mtn	N-cline-N-to-S_m-constant	2	1	2	2	0.1415	0.241	0.0032	24981	8	7	7	7	0.5185	group1	group1_expansion
1231194	primary	MVP1231194	mod-polygenic_2-trait-no-pleiotropy-equal-S	mod-polygenic	SS-Mtn	N-cline-center-to-edge_m-constant	2	0	3	3	0.1411	0.2071	2e-04	24460	694	66	32	34	0.555	group1	group1_expansion
1232968	primary	MVP1232968	highly-polygenic_2-trait-pleiotropy-unequal-S	highly-polygenic	SS-Mtn	N-variable_m-variable	2	1	2	2	0.1409	0.3272	0.0012	11954	2218	420	420	420	0.3886	group3	group3_phase2
1232995	primary	MVP1232995	mod-polygenic_2-trait-no-pleiotropy-equal-S	mod-polygenic	SS-Mtn	N-cline-N-to-S_m-constant	2	0	4	4	0.1404	0.3428	0	25554	787	86	40	46	0.5657	group2	group2_phase1
1232653	primary	MVP1232653	oliogenic_2-trait-pleiotropy-equal-S	oliogenic	SS-Mtn	N-variable_m-variable	2	1	2	2	0.1398	0.2828	4e-04	12294	12	7	7	7	0.51	group3	group3_phase2
1232020	primary	MVP1232020	highly-polygenic_2-trait-no-pleiotropy-equal-S	highly-polygenic	SS-Mtn	N-cline-N-to-S_m-constant	2	0	2	2	0.1394	0.4594	0.0014	25909	3432	548	265	283	0.5701	group3	group3_phase2
1231585	primary	MVP1231585	highly-polygenic_2-trait-no-pleiotropy-unequal-S	highly-polygenic	SS-Mtn	N-cline-N-to-S_m-constant	2	0	2	2	0.139	0.3112	3e-04	26267	3299	534	272	262	0.4081	group1	group1_expansion
1233220	primary	MVP1233220	mod-polygenic_2-trait-no-pleiotropy-equal-S	mod-polygenic	SS-Mtn	N-cline-N-to-S_m-constant	2	0	4	4	0.1386	0.3498	0.006	25744	772	79	35	44	0.5646	group3	group3_phase2
1231600	primary	MVP1231600	highly-polygenic_2-trait-pleiotropy-equal-S	highly-polygenic	SS-Mtn	N-cline-N-to-S_m-constant	2	1	2	2	0.1384	0.5868	0	26486	3057	429	427	427	0.5585	group1	group1_expansion
1232125	primary	MVP1232125	mod-polygenic_2-trait-pleiotropy-equal-S	mod-polygenic	SS-Mtn	N-cline-N-to-S_m-constant	2	1	2	2	0.1378	0.7307	0.008	25801	487	24	24	24	0.5625	group3	group3_phase2
1232110	primary	MVP1232110	mod-polygenic_2-trait-no-pleiotropy-unequal-S	mod-polygenic	SS-Mtn	N-cline-N-to-S_m-constant	2	0	4	4	0.137	0.4766	0.0084	25611	888	93	56	37	0.4164	group2	group2_phase1
1231870	primary	MVP1231870	mod-polygenic_2-trait-no-pleiotropy-equal-S	mod-polygenic	SS-Mtn	N-cline-N-to-S_m-constant	2	0	2	2	0.137	0.7266	0.0015	25611	772	70	39	31	0.564	group3	group3_phase2
1231465	primary	MVP1231465	mod-polygenic_2-trait-pleiotropy-unequal-S	mod-polygenic	SS-Mtn	N-cline-N-to-S_m-constant	2	1	2	2	0.1357	0.3213	0.0052	25451	651	39	39	39	0.4101	group1	group1_expansion
1233175	primary	MVP1233175	highly-polygenic_2-trait-pleiotropy-equal-S	highly-polygenic	SS-Mtn	N-cline-N-to-S_m-constant	2	1	4	4	0.1345	0.4879	0.0037	25631	3227	415	415	415	0.5529	group1	group1_expansion
1231975	primary	MVP1231975	oliogenic_2-trait-pleiotropy-equal-S	oliogenic	SS-Mtn	N-cline-N-to-S_m-constant	2	1	2	2	0.1345	0.4545	0.0013	25193	12	8	8	8	0.5331	group2	group2_phase1
1231150	primary	MVP1231150	highly-polygenic_2-trait-pleiotropy-equal-S	highly-polygenic	SS-Mtn	N-cline-N-to-S_m-constant	2	1	2	2	0.1345	0.2342	6e-04	25813	3063	378	378	378	0.5536	group3	group3_phase2
1232275	primary	MVP1232275	highly-polygenic_2-trait-pleiotropy-equal-S	highly-polygenic	SS-Mtn	N-cline-N-to-S_m-constant	2	1	2	2	0.1334	0.4154	0.0026	25815	3170	433	432	432	0.5606	group2	group2_phase1
1231300	primary	MVP1231300	oliogenic_2-trait-pleiotropy-equal-S	oliogenic	SS-Mtn	N-cline-N-to-S_m-constant	2	1	4	4	0.1327	0.7035	0.0072	26025	9	5	5	5	0.5374	group3	group3_phase2
1232860	primary	MVP1232860	oliogenic_2-trait-no-pleiotropy-unequal-S	oliogenic	SS-Mtn	N-cline-N-to-S_m-constant	2	0	4	4	0.1324	0.5764	0.0031	25383	14	8	2	6	0.4165	group1	group1_expansion
1232245	primary	MVP1232245	highly-polygenic_2-trait-no-pleiotropy-equal-S	highly-polygenic	SS-Mtn	N-cline-N-to-S_m-constant	2	0	2	2	0.1319	0.733	0.003	26219	3334	545	244	300	0.565	group3	group3_phase2
1232515	primary	MVP1232515	highly-polygenic_2-trait-pleiotropy-unequal-S	highly-polygenic	SS-Mtn	N-cline-N-to-S_m-constant	2	1	4	4	0.1318	0.2067	0.0032	26633	3448	497	497	497	0.409	group1	group1_expansion
1232290	primary	MVP1232290	highly-polygenic_2-trait-pleiotropy-unequal-S	highly-polygenic	SS-Mtn	N-cline-N-to-S_m-constant	2	1	4	4	0.1314	0.4987	0.0056	26060	3323	491	491	491	0.4114	group2	group2_phase1
1232740	primary	MVP1232740	highly-polygenic_2-trait-pleiotropy-unequal-S	highly-polygenic	SS-Mtn	N-cline-N-to-S_m-constant	2	1	3	3	0.1311	0.3652	0.0013	25839	3308	434	434	434	0.4122	group1	group1_expansion
1231915	primary	MVP1231915	mod-polygenic_2-trait-pleiotropy-unequal-S	mod-polygenic	SS-Mtn	N-cline-N-to-S_m-constant	2	1	4	4	0.131	0.2895	0	25951	668	37	37	37	0.3912	group2	group2_phase1
1231660	primary	MVP1231660	mod-polygenic_2-trait-no-pleiotropy-unequal-S	mod-polygenic	SS-Mtn	N-cline-N-to-S_m-constant	2	0	4	4	0.1291	0.314	0	25601	876	83	48	35	0.4024	group3	group3_phase2
1233115	primary	MVP1233115	oliogenic_2-trait-pleiotropy-unequal-S	oliogenic	SS-Mtn	N-cline-N-to-S_m-constant	2	1	4	4	0.1287	0.7213	0.0055	25539	13	8	8	8	0.3972	group3	group3_phase2
1232065	primary	MVP1232065	highly-polygenic_2-trait-pleiotropy-unequal-S	highly-polygenic	SS-Mtn	N-cline-N-to-S_m-constant	2	1	4	4	0.1284	0.3671	0	26067	3318	497	497	497	0.4033	group2	group2_phase1
1232335	primary	MVP1232335	mod-polygenic_2-trait-no-pleiotropy-unequal-S	mod-polygenic	SS-Mtn	N-cline-N-to-S_m-constant	2	0	4	4	0.1276	0.2902	3e-04	25664	931	98	57	41	0.4083	group1	group1_expansion
1231435	primary	MVP1231435	mod-polygenic_2-trait-no-pleiotropy-unequal-S	mod-polygenic	SS-Mtn	N-cline-N-to-S_m-constant	2	0	2	2	0.1264	0.2949	0.0051	25884	958	70	45	25	0.4072	group3	group3_phase2
1233283	primary	MVP1233283	oliogenic_1-trait	oliogenic	SS-Mtn	N-variable_m-variable	1	0	3	3	0.1194	0.6766	0.0018	12490	9	6	6	0	0.4745	group3	group3_phase2
1231722	primary	MVP1231722	oliogenic_2-trait-no-pleiotropy-equal-S	oliogenic	SS-Mtn	N-equal_m-constant	2	0	2	2	0.0704	0.2733	2e-04	31125	16	12	5	7	0.5661	group3	group3_phase2
1231422	primary	MVP1231422	mod-polygenic_2-trait-no-pleiotropy-equal-S	mod-polygenic	SS-Mtn	N-equal_m-constant	2	0	2	2	0.0683	0.26	0	30704	725	83	40	43	0.5687	group2	group2_phase1
1231977	primary	MVP1231977	oliogenic_2-trait-pleiotropy-equal-S	oliogenic	SS-Mtn	N-equal_m-constant	2	1	2	2	0.0676	0.5335	0	31152	10	7	7	7	0.5542	group3	group3_phase2
1231388	primary_ssclines	MVP1231388	highly-polygenic_2-trait-pleiotropy-unequal-S	highly-polygenic	SS-Clines	N-variable_m-variable	2	1	3	3	0.2274	0.1709	0.7262	5552	1900	231	230	230	0.3994	ssclines_b1	ssclines_nvar_mvar
1231313	primary_ssclines	MVP1231313	oliogenic_2-trait-pleiotropy-unequal-S	oliogenic	SS-Clines	N-variable_m-variable	2	1	2	2	0.2264	0.2059	0.5692	7796	12	8	8	8	0.353	ssclines_b1	ssclines_nvar_mvar
1232663	primary_ssclines	MVP1232663	oliogenic_2-trait-pleiotropy-unequal-S	oliogenic	SS-Clines	N-variable_m-variable	2	1	8	8	0.2254	0.4322	0.4685	7079	13	6	6	6	0.3656	ssclines_b1	ssclines_nvar_mvar
1232408	primary_ssclines	MVP1232408	oliogenic_2-trait-no-pleiotropy-unequal-S	oliogenic	SS-Clines	N-variable_m-variable	2	0	3	3	0.2154	0.2913	0.6278	7965	12	7	2	5	0.3711	ssclines_b1	ssclines_nvar_mvar
1231418	primary_ssclines	MVP1231418	mod-polygenic_2-trait-no-pleiotropy-equal-S	mod-polygenic	SS-Clines	N-variable_m-variable	2	0	3	3	0.2105	0.1693	0.7003	9888	581	56	29	27	0.5692	ssclines_b1	ssclines_nvar_mvar
1231748	primary_ssclines	MVP1231748	oliogenic_2-trait-pleiotropy-equal-S	oliogenic	SS-Clines	N-variable_m-variable	2	1	4	4	0.2098	0.432	0.459	9832	6	6	6	6	0.5129	ssclines_b1	ssclines_nvar_mvar
1231223	primary_ssclines	MVP1231223	mod-polygenic_2-trait-pleiotropy-equal-S	mod-polygenic	SS-Clines	N-variable_m-variable	2	1	5	5	0.208	0.1446	0.7212	9803	377	22	22	22	0.5579	ssclines_b1	ssclines_nvar_mvar
1232633	primary_ssclines	MVP1232633	oliogenic_2-trait-no-pleiotropy-unequal-S	oliogenic	SS-Clines	N-variable_m-variable	2	0	2	2	0.2074	0.3411	0.4811	6342	16	7	3	4	0.3704	ssclines_b1	ssclines_nvar_mvar
1231283	primary_ssclines	MVP1231283	oliogenic_2-trait-no-pleiotropy-unequal-S	oliogenic	SS-Clines	N-variable_m-variable	2	0	3	3	0.205	0.4119	0.5111	6504	11	8	3	5	0.4017	ssclines_b1	ssclines_nvar_mvar
1231538	primary_ssclines	MVP1231538	oliogenic_2-trait-pleiotropy-unequal-S	oliogenic	SS-Clines	N-variable_m-variable	2	1	3	3	0.204	0.6391	0.2487	10327	10	5	5	5	0.3799	ssclines_b1	ssclines_nvar_mvar
1231133	primary_ssclines	MVP1231133	highly-polygenic_2-trait-no-pleiotropy-unequal-S	highly-polygenic	SS-Clines	N-variable_m-variable	2	0	3	3	0.2008	0.1296	0.7943	7336	2066	291	137	154	0.4013	ssclines_b1	ssclines_nvar_mvar
1231298	primary_ssclines	MVP1231298	oliogenic_2-trait-pleiotropy-equal-S	oliogenic	SS-Clines	N-variable_m-variable	2	1	3	3	0.1964	0.8004	0.0202	10061	10	8	8	8	0.5553	ssclines_b1	ssclines_nvar_mvar
1232483	primary_ssclines	MVP1232483	highly-polygenic_2-trait-no-pleiotropy-unequal-S	highly-polygenic	SS-Clines	N-variable_m-variable	2	0	3	3	0.1939	0.764	0.0924	10160	2120	330	168	162	0.3955	ssclines_b1	ssclines_nvar_mvar
1232018	primary_ssclines	MVP1232018	highly-polygenic_2-trait-no-pleiotropy-equal-S	highly-polygenic	SS-Clines	N-variable_m-variable	2	0	3	3	0.1937	0.1926	0.6582	6097	2213	309	167	142	0.5639	ssclines_b1	ssclines_nvar_mvar
1232108	primary_ssclines	MVP1232108	mod-polygenic_2-trait-no-pleiotropy-unequal-S	mod-polygenic	SS-Clines	N-variable_m-variable	2	0	4	4	0.1923	0.222	0.6906	10466	701	54	33	21	0.3948	ssclines_b1	ssclines_nvar_mvar
1231613	primary_ssclines	MVP1231613	highly-polygenic_2-trait-pleiotropy-unequal-S	highly-polygenic	SS-Clines	N-variable_m-variable	2	1	2	2	0.1917	0.6733	0.1352	8048	2016	280	280	280	0.3967	ssclines_b1	ssclines_nvar_mvar
1231688	primary_ssclines	MVP1231688	mod-polygenic_2-trait-pleiotropy-unequal-S	mod-polygenic	SS-Clines	N-variable_m-variable	2	1	3	3	0.1875	0.4885	0.323	9093	496	20	20	20	0.3965	ssclines_b1	ssclines_nvar_mvar
1232168	primary_ssclines	MVP1232168	oliogenic_2-trait-no-pleiotropy-equal-S	oliogenic	SS-Clines	N-variable_m-variable	2	0	4	4	0.1871	0.6618	0.2704	7881	6	5	3	2	0.5342	ssclines_b1	ssclines_nvar_mvar
1232573	primary_ssclines	MVP1232573	mod-polygenic_2-trait-pleiotropy-equal-S	mod-polygenic	SS-Clines	N-variable_m-variable	2	1	2	2	0.1867	0.8343	0.0607	9670	402	26	26	26	0.5576	ssclines_b1	ssclines_nvar_mvar
1232693	primary_ssclines	MVP1232693	highly-polygenic_2-trait-no-pleiotropy-equal-S	highly-polygenic	SS-Clines	N-variable_m-variable	2	0	3	3	0.1844	0.1386	0.7854	12548	2335	368	196	171	0.5689	ssclines_b1	ssclines_nvar_mvar
1231643	primary_ssclines	MVP1231643	mod-polygenic_2-trait-no-pleiotropy-equal-S	mod-polygenic	SS-Clines	N-variable_m-variable	2	0	3	3	0.1838	0.5986	0.2114	11344	614	49	23	26	0.5618	ssclines_b1	ssclines_nvar_mvar
1232243	primary_ssclines	MVP1232243	highly-polygenic_2-trait-no-pleiotropy-equal-S	highly-polygenic	SS-Clines	N-variable_m-variable	2	0	3	3	0.1834	0.0778	0.7867	12721	2165	316	155	160	0.5633	ssclines_b1	ssclines_nvar_mvar
1232588	primary_ssclines	MVP1232588	mod-polygenic_2-trait-pleiotropy-unequal-S	mod-polygenic	SS-Clines	N-variable_m-variable	2	1	3	3	0.1832	0.7166	0.1337	10718	510	32	32	32	0.4038	ssclines_b1	ssclines_nvar_mvar
1231268	primary_ssclines	MVP1231268	oliogenic_2-trait-no-pleiotropy-equal-S	oliogenic	SS-Clines	N-variable_m-variable	2	0	4	4	0.1805	0.196	0.6307	9550	13	6	3	3	0.5398	ssclines_b1	ssclines_nvar_mvar
1231868	primary_ssclines	MVP1231868	mod-polygenic_2-trait-no-pleiotropy-equal-S	mod-polygenic	SS-Clines	N-variable_m-variable	2	0	2	2	0.1804	0.1531	0.7344	10154	584	46	24	22	0.5518	ssclines_b1	ssclines_nvar_mvar
1231973	primary_ssclines	MVP1231973	oliogenic_2-trait-pleiotropy-equal-S	oliogenic	SS-Clines	N-variable_m-variable	2	1	2	2	0.1804	0.7931	0.0528	9482	10	8	8	8	0.5542	ssclines_b1	ssclines_nvar_mvar
1232888	primary_ssclines	MVP1232888	oliogenic_2-trait-pleiotropy-unequal-S	oliogenic	SS-Clines	N-variable_m-variable	2	1	3	3	0.18	8e-04	0.848	11453	8	5	5	5	0.4026	ssclines_b1	ssclines_nvar_mvar
1232048	primary_ssclines	MVP1232048	highly-polygenic_2-trait-pleiotropy-equal-S	highly-polygenic	SS-Clines	N-variable_m-variable	2	1	3	3	0.179	0.5062	0.3431	6882	2116	269	268	268	0.5544	ssclines_b1	ssclines_nvar_mvar
1231463	primary_ssclines	MVP1231463	mod-polygenic_2-trait-pleiotropy-unequal-S	mod-polygenic	SS-Clines	N-variable_m-variable	2	1	3	3	0.1783	0.4186	0.5081	7643	506	22	22	22	0.3958	ssclines_b1	ssclines_nvar_mvar
1231493	primary_ssclines	MVP1231493	oliogenic_2-trait-no-pleiotropy-equal-S	oliogenic	SS-Clines	N-variable_m-variable	2	0	3	3	0.1781	0	0.8716	7728	10	6	3	3	0.5205	ssclines_b1	ssclines_nvar_mvar
1232768	primary_ssclines	MVP1232768	mod-polygenic_2-trait-no-pleiotropy-equal-S	mod-polygenic	SS-Clines	N-variable_m-variable	2	0	3	3	0.1767	0.6531	0.2203	5279	608	50	18	32	0.562	ssclines_b1	ssclines_nvar_mvar
1233113	primary_ssclines	MVP1233113	oliogenic_2-trait-pleiotropy-unequal-S	oliogenic	SS-Clines	N-variable_m-variable	2	1	1	2	0.1761	0.3652	0.5366	8483	7	5	5	5	0.3937	ssclines_b1	ssclines_nvar_mvar
1231823	primary_ssclines	MVP1231823	highly-polygenic_2-trait-pleiotropy-equal-S	highly-polygenic	SS-Clines	N-variable_m-variable	2	1	2	2	0.1759	0.289	0.611	5797	2053	248	247	247	0.5606	ssclines_b1	ssclines_nvar_mvar
1231118	primary_ssclines	MVP1231118	highly-polygenic_2-trait-no-pleiotropy-equal-S	highly-polygenic	SS-Clines	N-variable_m-variable	2	0	3	3	0.1757	0.9228	0.0023	10030	2273	367	185	182	0.5661	ssclines_b1	ssclines_nvar_mvar
1232948	primary_ssclines	MVP1232948	highly-polygenic_2-trait-pleiotropy-equal-S	highly-polygenic	SS-Clines	N-variable_m-variable	2	1	2	2	0.1756	0.0183	0.8653	9341	2060	247	247	247	0.5563	ssclines_b1	ssclines_nvar_mvar
1233173	primary_ssclines	MVP1233173	highly-polygenic_2-trait-pleiotropy-equal-S	highly-polygenic	SS-Clines	N-variable_m-variable	2	1	3	3	0.1748	0.0334	0.8555	8322	2215	259	259	259	0.5593	ssclines_b1	ssclines_nvar_mvar
1232093	primary_ssclines	MVP1232093	mod-polygenic_2-trait-no-pleiotropy-equal-S	mod-polygenic	SS-Clines	N-variable_m-variable	2	0	2	2	0.174	0.7986	0.0696	8345	581	49	22	27	0.5623	ssclines_b1	ssclines_nvar_mvar
1232123	primary_ssclines	MVP1232123	mod-polygenic_2-trait-pleiotropy-equal-S	mod-polygenic	SS-Clines	N-variable_m-variable	2	1	1	2	0.173	0.5471	0.3078	7664	403	21	21	21	0.5492	ssclines_b1	ssclines_nvar_mvar
1231193	primary_ssclines	MVP1231193	mod-polygenic_2-trait-no-pleiotropy-equal-S	mod-polygenic	SS-Clines	N-variable_m-variable	2	0	3	3	0.1726	0.7933	0.1151	11214	615	38	19	19	0.5667	ssclines_b1	ssclines_nvar_mvar
1231238	primary_ssclines	MVP1231238	mod-polygenic_2-trait-pleiotropy-unequal-S	mod-polygenic	SS-Clines	N-variable_m-variable	2	1	1	2	0.1715	8e-04	0.9214	9217	475	28	28	28	0.4022	ssclines_b1	ssclines_nvar_mvar
1231508	primary_ssclines	MVP1231508	oliogenic_2-trait-no-pleiotropy-unequal-S	oliogenic	SS-Clines	N-variable_m-variable	2	0	2	2	0.1709	0.0235	0.8447	7623	12	5	2	3	0.3759	ssclines_b1	ssclines_nvar_mvar
1231523	primary_ssclines	MVP1231523	oliogenic_2-trait-pleiotropy-equal-S	oliogenic	SS-Clines	N-variable_m-variable	2	1	3	3	0.17	0.3853	0.4845	11780	7	6	6	6	0.5121	ssclines_b1	ssclines_nvar_mvar
1232873	primary_ssclines	MVP1232873	oliogenic_2-trait-pleiotropy-equal-S	oliogenic	SS-Clines	N-variable_m-variable	2	1	3	3	0.1673	0.2178	0.5447	9553	12	8	8	8	0.5045	ssclines_b1	ssclines_nvar_mvar
1231733	primary_ssclines	MVP1231733	oliogenic_2-trait-no-pleiotropy-unequal-S	oliogenic	SS-Clines	N-variable_m-variable	2	0	2	2	0.1665	0.0586	0.8611	8795	9	6	2	4	0.4041	ssclines_b1	ssclines_nvar_mvar
1233323	primary_ssclines	MVP1233323	oliogenic_2-trait-pleiotropy-equal-S	oliogenic	SS-Clines	N-variable_m-variable	2	1	2	2	0.1665	0.8463	0.006	10103	8	6	6	6	0.5268	ssclines_b1	ssclines_nvar_mvar
1233038	primary_ssclines	MVP1233038	mod-polygenic_2-trait-pleiotropy-unequal-S	mod-polygenic	SS-Clines	N-variable_m-variable	2	1	2	2	0.1662	0.0735	0.819	9745	482	32	32	32	0.4036	ssclines_b1	ssclines_nvar_mvar
1232843	primary_ssclines	MVP1232843	oliogenic_2-trait-no-pleiotropy-equal-S	oliogenic	SS-Clines	N-variable_m-variable	2	0	2	2	0.1651	0.539	0.3304	9736	11	6	4	2	0.5404	ssclines_b1	ssclines_nvar_mvar
1232318	primary_ssclines	MVP1232318	mod-polygenic_2-trait-no-pleiotropy-equal-S	mod-polygenic	SS-Clines	N-variable_m-variable	2	0	3	3	0.1645	0.2651	0.569	10188	600	53	30	23	0.5542	ssclines_b1	ssclines_nvar_mvar
1233083	primary_ssclines	MVP1233083	oliogenic_2-trait-no-pleiotropy-unequal-S	oliogenic	SS-Clines	N-variable_m-variable	2	0	2	2	0.1642	0.0083	0.9105	10096	12	7	4	3	0.374	ssclines_b1	ssclines_nvar_mvar
1233293	primary_ssclines	MVP1233293	oliogenic_2-trait-no-pleiotropy-equal-S	oliogenic	SS-Clines	N-variable_m-variable	2	0	2	2	0.1642	0.0085	0.9147	10367	13	7	3	4	0.5431	ssclines_b1	ssclines_nvar_mvar
1233248	primary_ssclines	MVP1233248	mod-polygenic_2-trait-pleiotropy-equal-S	mod-polygenic	SS-Clines	N-variable_m-variable	2	1	3	3	0.164	0.8713	0.0334	8585	427	18	18	18	0.5472	ssclines_b1	ssclines_nvar_mvar
1232543	primary_ssclines	MVP1232543	mod-polygenic_2-trait-no-pleiotropy-equal-S	mod-polygenic	SS-Clines	N-variable_m-variable	2	0	2	2	0.1632	0.2477	0.6496	12607	547	42	28	14	0.5664	ssclines_b1	ssclines_nvar_mvar
1231988	primary_ssclines	MVP1231988	oliogenic_2-trait-pleiotropy-unequal-S	oliogenic	SS-Clines	N-variable_m-variable	2	1	3	3	0.1631	0.572	0.2271	8351	6	3	3	3	0.3942	ssclines_b1	ssclines_nvar_mvar
1231448	primary_ssclines	MVP1231448	mod-polygenic_2-trait-pleiotropy-equal-S	mod-polygenic	SS-Clines	N-variable_m-variable	2	1	2	2	0.1628	0.611	0.1923	10355	384	25	25	25	0.5602	ssclines_b1	ssclines_nvar_mvar
1232468	primary_ssclines	MVP1232468	highly-polygenic_2-trait-no-pleiotropy-equal-S	highly-polygenic	SS-Clines	N-variable_m-variable	2	0	3	3	0.1627	0.6893	0.2367	9873	2268	377	183	194	0.5628	ssclines_b1	ssclines_nvar_mvar
1233233	primary_ssclines	MVP1233233	mod-polygenic_2-trait-no-pleiotropy-unequal-S	mod-polygenic	SS-Clines	N-variable_m-variable	2	0	2	2	0.1617	0.8905	0.0099	11454	680	52	33	19	0.4073	ssclines_b1	ssclines_nvar_mvar
1233143	primary_ssclines	MVP1233143	highly-polygenic_2-trait-no-pleiotropy-equal-S	highly-polygenic	SS-Clines	N-variable_m-variable	2	0	2	2	0.1613	0.3304	0.5539	8477	2236	345	177	168	0.5695	ssclines_b1	ssclines_nvar_mvar
1232918	primary_ssclines	MVP1232918	highly-polygenic_2-trait-no-pleiotropy-equal-S	highly-polygenic	SS-Clines	N-variable_m-variable	2	0	1	2	0.161	0.5938	0.2767	12989	2418	372	192	179	0.5597	ssclines_b1	ssclines_nvar_mvar
1231943	primary_ssclines	MVP1231943	oliogenic_2-trait-no-pleiotropy-equal-S	oliogenic	SS-Clines	N-variable_m-variable	2	0	4	4	0.1608	0.8521	0.0032	5161	13	8	3	5	0.5404	ssclines_b1	ssclines_nvar_mvar
1231883	primary_ssclines	MVP1231883	mod-polygenic_2-trait-no-pleiotropy-unequal-S	mod-polygenic	SS-Clines	N-variable_m-variable	2	0	2	2	0.1602	0.4629	0.296	11366	703	62	35	27	0.3969	ssclines_b1	ssclines_nvar_mvar
1232963	primary_ssclines	MVP1232963	highly-polygenic_2-trait-pleiotropy-unequal-S	highly-polygenic	SS-Clines	N-variable_m-variable	2	1	7	7	0.1596	0.4862	0.404	10194	2256	300	300	300	0.4007	ssclines_b1	ssclines_nvar_mvar
1232618	primary_ssclines	MVP1232618	oliogenic_2-trait-no-pleiotropy-equal-S	oliogenic	SS-Clines	N-variable_m-variable	2	0	2	2	0.1594	0.1055	0.734	11410	14	7	4	3	0.552	ssclines_b1	ssclines_nvar_mvar
1232933	primary_ssclines	MVP1232933	highly-polygenic_2-trait-no-pleiotropy-unequal-S	highly-polygenic	SS-Clines	N-variable_m-variable	2	0	2	2	0.1593	0.2374	0.5621	7891	2253	358	184	174	0.3961	ssclines_b1	ssclines_nvar_mvar
1232438	primary_ssclines	MVP1232438	oliogenic_2-trait-pleiotropy-unequal-S	oliogenic	SS-Clines	N-variable_m-variable	2	1	2	2	0.1588	0.0074	0.8717	7153	9	5	5	5	0.3765	ssclines_b1	ssclines_nvar_mvar
1232213	primary_ssclines	MVP1232213	oliogenic_2-trait-pleiotropy-unequal-S	oliogenic	SS-Clines	N-variable_m-variable	2	1	2	2	0.1587	0.014	0.8864	9299	10	5	5	5	0.3692	ssclines_b1	ssclines_nvar_mvar
1232393	primary_ssclines	MVP1232393	oliogenic_2-trait-no-pleiotropy-equal-S	oliogenic	SS-Clines	N-variable_m-variable	2	0	2	2	0.158	0.4971	0.2292	9943	11	8	4	4	0.543	ssclines_b1	ssclines_nvar_mvar
1231583	primary_ssclines	MVP1231583	highly-polygenic_2-trait-no-pleiotropy-unequal-S	highly-polygenic	SS-Clines	N-variable_m-variable	2	0	2	2	0.1553	0.7948	0.0354	9639	2257	371	194	177	0.3981	ssclines_b1	ssclines_nvar_mvar
1231598	primary_ssclines	MVP1231598	highly-polygenic_2-trait-pleiotropy-equal-S	highly-polygenic	SS-Clines	N-variable_m-variable	2	1	2	2	0.1553	0.5926	0.3059	12574	2059	282	282	282	0.5529	ssclines_b1	ssclines_nvar_mvar
1232783	primary_ssclines	MVP1232783	mod-polygenic_2-trait-no-pleiotropy-unequal-S	mod-polygenic	SS-Clines	N-variable_m-variable	2	0	2	2	0.1543	0.3451	0.5436	9880	684	57	26	31	0.3886	ssclines_b1	ssclines_nvar_mvar
1232993	primary_ssclines	MVP1232993	mod-polygenic_2-trait-no-pleiotropy-equal-S	mod-polygenic	SS-Clines	N-variable_m-variable	2	0	2	2	0.1537	0.0944	0.8155	10295	557	46	26	20	0.5662	ssclines_b1	ssclines_nvar_mvar
1232648	primary_ssclines	MVP1232648	oliogenic_2-trait-pleiotropy-equal-S	oliogenic	SS-Clines	N-variable_m-variable	2	1	3	3	0.1533	0.8567	0	13801	9	8	8	8	0.5298	ssclines_b1	ssclines_nvar_mvar
1231673	primary_ssclines	MVP1231673	mod-polygenic_2-trait-pleiotropy-equal-S	mod-polygenic	SS-Clines	N-variable_m-variable	2	1	3	3	0.1512	0.026	0.8753	11395	424	30	30	30	0.5468	ssclines_b1	ssclines_nvar_mvar
1232723	primary_ssclines	MVP1232723	highly-polygenic_2-trait-pleiotropy-equal-S	highly-polygenic	SS-Clines	N-variable_m-variable	2	1	2	2	0.1509	0.8542	0.0198	11260	1994	263	263	263	0.5553	ssclines_b1	ssclines_nvar_mvar
1231358	primary_ssclines	MVP1231358	highly-polygenic_2-trait-no-pleiotropy-unequal-S	highly-polygenic	SS-Clines	N-variable_m-variable	2	0	2	2	0.1508	0.2229	0.6127	11544	2267	328	175	153	0.4011	ssclines_b1	ssclines_nvar_mvar
1232033	primary_ssclines	MVP1232033	highly-polygenic_2-trait-no-pleiotropy-unequal-S	highly-polygenic	SS-Clines	N-variable_m-variable	2	0	3	3	0.1508	0.5035	0.3836	8943	2337	381	219	162	0.3995	ssclines_b1	ssclines_nvar_mvar
1231793	primary_ssclines	MVP1231793	highly-polygenic_2-trait-no-pleiotropy-equal-S	highly-polygenic	SS-Clines	N-variable_m-variable	2	0	2	2	0.1506	0.5008	0.3927	14463	2420	358	176	182	0.5625	ssclines_b1	ssclines_nvar_mvar
1231208	primary_ssclines	MVP1231208	mod-polygenic_2-trait-no-pleiotropy-unequal-S	mod-polygenic	SS-Clines	N-variable_m-variable	2	0	4	4	0.1501	0.0157	0.8945	9396	736	57	37	20	0.3963	ssclines_b1	ssclines_nvar_mvar
1232288	primary_ssclines	MVP1232288	highly-polygenic_2-trait-pleiotropy-unequal-S	highly-polygenic	SS-Clines	N-variable_m-variable	2	1	2	2	0.1499	0.0237	0.8902	8122	2287	311	310	310	0.4011	ssclines_b1	ssclines_nvar_mvar
1232333	primary_ssclines	MVP1232333	mod-polygenic_2-trait-no-pleiotropy-unequal-S	mod-polygenic	SS-Clines	N-variable_m-variable	2	0	3	3	0.1495	0.4642	0.3908	13219	694	74	47	27	0.3983	ssclines_b1	ssclines_nvar_mvar
1232513	primary_ssclines	MVP1232513	highly-polygenic_2-trait-pleiotropy-unequal-S	highly-polygenic	SS-Clines	N-variable_m-variable	2	1	3	3	0.1492	0.0544	0.7976	6993	2188	311	311	311	0.3927	ssclines_b1	ssclines_nvar_mvar
1232498	primary_ssclines	MVP1232498	highly-polygenic_2-trait-pleiotropy-equal-S	highly-polygenic	SS-Clines	N-variable_m-variable	2	1	2	2	0.1485	0.8828	0.0136	8989	2090	278	278	278	0.5607	ssclines_b1	ssclines_nvar_mvar
1233263	primary_ssclines	MVP1233263	mod-polygenic_2-trait-pleiotropy-unequal-S	mod-polygenic	SS-Clines	N-variable_m-variable	2	1	3	3	0.1477	0.0926	0.7304	5701	516	19	19	19	0.4008	ssclines_b1	ssclines_nvar_mvar
1233218	primary_ssclines	MVP1233218	mod-polygenic_2-trait-no-pleiotropy-equal-S	mod-polygenic	SS-Clines	N-variable_m-variable	2	0	1	2	0.1468	0.5985	0.3444	12261	545	47	23	24	0.5621	ssclines_b1	ssclines_nvar_mvar
1232063	primary_ssclines	MVP1232063	highly-polygenic_2-trait-pleiotropy-unequal-S	highly-polygenic	SS-Clines	N-variable_m-variable	2	1	2	2	0.1464	0.5718	0.2632	12583	2358	311	311	311	0.3905	ssclines_b1	ssclines_nvar_mvar
1231898	primary_ssclines	MVP1231898	mod-polygenic_2-trait-pleiotropy-equal-S	mod-polygenic	SS-Clines	N-variable_m-variable	2	1	2	2	0.146	0.0092	0.8934	11064	438	23	23	23	0.5471	ssclines_b1	ssclines_nvar_mvar
1233023	primary_ssclines	MVP1233023	mod-polygenic_2-trait-pleiotropy-equal-S	mod-polygenic	SS-Clines	N-variable_m-variable	2	1	2	2	0.1459	0.427	0.4459	12580	429	24	24	24	0.5608	ssclines_b1	ssclines_nvar_mvar
1232813	primary_ssclines	MVP1232813	mod-polygenic_2-trait-pleiotropy-unequal-S	mod-polygenic	SS-Clines	N-variable_m-variable	2	1	2	2	0.1454	0.0014	0.8914	14014	505	30	30	30	0.4001	ssclines_b1	ssclines_nvar_mvar
1232858	primary_ssclines	MVP1232858	oliogenic_2-trait-no-pleiotropy-unequal-S	oliogenic	SS-Clines	N-variable_m-variable	2	0	2	2	0.1454	0.0268	0.881	10101	12	7	3	4	0.398	ssclines_b1	ssclines_nvar_mvar
1231718	primary_ssclines	MVP1231718	oliogenic_2-trait-no-pleiotropy-equal-S	oliogenic	SS-Clines	N-variable_m-variable	2	0	2	2	0.145	0.0117	0.8924	12983	12	7	4	3	0.5588	ssclines_b1	ssclines_nvar_mvar
1231433	primary_ssclines	MVP1231433	mod-polygenic_2-trait-no-pleiotropy-unequal-S	mod-polygenic	SS-Clines	N-variable_m-variable	2	0	2	2	0.1446	0.4452	0.4256	13958	733	58	37	21	0.3971	ssclines_b1	ssclines_nvar_mvar
1233098	primary_ssclines	MVP1233098	oliogenic_2-trait-pleiotropy-equal-S	oliogenic	SS-Clines	N-variable_m-variable	2	1	3	3	0.144	0.1581	0.7272	12723	6	5	5	5	0.5007	ssclines_b1	ssclines_nvar_mvar
1232164	primary_ssclines	MVP1232164	oliogenic_2-trait-no-pleiotropy-equal-S	oliogenic	SS-Clines	N-cline-center-to-edge_m-constant	2	0	3	3	0.1437	0.2988	0.6428	24519	12	9	4	5	0.5623	ssclines_b4	ssclines_ncline_ctredge
1232423	primary_ssclines	MVP1232423	oliogenic_2-trait-pleiotropy-equal-S	oliogenic	SS-Clines	N-variable_m-variable	2	1	2	2	0.1433	0.8476	0	12720	11	5	5	5	0.4973	ssclines_b1	ssclines_nvar_mvar
1233158	primary_ssclines	MVP1233158	highly-polygenic_2-trait-no-pleiotropy-unequal-S	highly-polygenic	SS-Clines	N-variable_m-variable	2	0	2	2	0.1433	0.0459	0.775	14221	2382	429	242	187	0.4029	ssclines_b1	ssclines_nvar_mvar
1232273	primary_ssclines	MVP1232273	highly-polygenic_2-trait-pleiotropy-equal-S	highly-polygenic	SS-Clines	N-variable_m-variable	2	1	3	3	0.1432	0.4974	0.4249	11981	2385	281	281	281	0.5539	ssclines_b1	ssclines_nvar_mvar
1233338	primary_ssclines	MVP1233338	oliogenic_2-trait-pleiotropy-unequal-S	oliogenic	SS-Clines	N-variable_m-variable	2	1	2	2	0.143	0.2459	0.5006	11622	8	5	5	5	0.3902	ssclines_b1	ssclines_nvar_mvar
1232258	primary_ssclines	MVP1232258	highly-polygenic_2-trait-no-pleiotropy-unequal-S	highly-polygenic	SS-Clines	N-variable_m-variable	2	0	3	3	0.1428	9e-04	0.8663	12064	2373	433	244	187	0.4051	ssclines_b1	ssclines_nvar_mvar
1233008	primary_ssclines	MVP1233008	mod-polygenic_2-trait-no-pleiotropy-unequal-S	mod-polygenic	SS-Clines	N-variable_m-variable	2	0	2	2	0.1427	0.2039	0.6894	9919	659	57	34	22	0.4005	ssclines_b1	ssclines_nvar_mvar
1232989	primary_ssclines	MVP1232989	mod-polygenic_2-trait-no-pleiotropy-equal-S	mod-polygenic	SS-Clines	N-cline-center-to-edge_m-constant	2	0	3	3	0.1422	0.9181	0.0272	24266	740	59	29	30	0.5714	ssclines_b4	ssclines_ncline_ctredge
1232738	primary_ssclines	MVP1232738	highly-polygenic_2-trait-pleiotropy-unequal-S	highly-polygenic	SS-Clines	N-variable_m-variable	2	1	3	3	0.142	0.4613	0.3561	9457	2038	312	312	312	0.3878	ssclines_b1	ssclines_nvar_mvar
1232798	primary_ssclines	MVP1232798	mod-polygenic_2-trait-pleiotropy-equal-S	mod-polygenic	SS-Clines	N-variable_m-variable	2	1	2	2	0.1418	0.7008	0.2075	13317	417	21	21	21	0.5599	ssclines_b1	ssclines_nvar_mvar
1231219	primary_ssclines	MVP1231219	mod-polygenic_2-trait-pleiotropy-equal-S	mod-polygenic	SS-Clines	N-cline-center-to-edge_m-constant	2	1	3	3	0.1414	0.5545	0.3865	24679	467	21	21	21	0.5646	ssclines_b4	ssclines_ncline_ctredge
1231564	primary_ssclines	MVP1231564	highly-polygenic_2-trait-no-pleiotropy-equal-S	highly-polygenic	SS-Clines	N-cline-center-to-edge_m-constant	2	0	3	3	0.1409	0.4929	0.4417	24878	3151	427	202	225	0.57	ssclines_b4	ssclines_ncline_ctredge
1231373	primary_ssclines	MVP1231373	highly-polygenic_2-trait-pleiotropy-equal-S	highly-polygenic	SS-Clines	N-variable_m-variable	2	1	3	3	0.1404	0.0063	0.8818	13282	2165	317	317	317	0.5625	ssclines_b1	ssclines_nvar_mvar
1232558	primary_ssclines	MVP1232558	mod-polygenic_2-trait-no-pleiotropy-unequal-S	mod-polygenic	SS-Clines	N-variable_m-variable	2	0	3	3	0.1403	0.1653	0.7146	13386	673	54	29	25	0.3997	ssclines_b1	ssclines_nvar_mvar
1233319	primary_ssclines	MVP1233319	oliogenic_2-trait-pleiotropy-equal-S	oliogenic	SS-Clines	N-cline-center-to-edge_m-constant	2	1	3	3	0.1399	0.3851	0.5524	24582	7	7	7	7	0.5207	ssclines_b4	ssclines_ncline_ctredge
1232419	primary_ssclines	MVP1232419	oliogenic_2-trait-pleiotropy-equal-S	oliogenic	SS-Clines	N-cline-center-to-edge_m-constant	2	1	3	3	0.1393	0.4412	0.4632	24185	9	6	6	6	0.5135	ssclines_b4	ssclines_ncline_ctredge
1231343	primary_ssclines	MVP1231343	highly-polygenic_2-trait-no-pleiotropy-equal-S	highly-polygenic	SS-Clines	N-variable_m-variable	2	0	5	5	0.139	0.1548	0.6461	9409	2231	352	167	185	0.5531	ssclines_b1	ssclines_nvar_mvar
1233019	primary_ssclines	MVP1233019	mod-polygenic_2-trait-pleiotropy-equal-S	mod-polygenic	SS-Clines	N-cline-center-to-edge_m-constant	2	1	3	3	0.139	0.9498	0	24367	482	21	21	21	0.5634	ssclines_b4	ssclines_ncline_ctredge
1231294	primary_ssclines	MVP1231294	oliogenic_2-trait-pleiotropy-equal-S	oliogenic	SS-Clines	N-cline-center-to-edge_m-constant	2	1	3	3	0.1385	0.0805	0.8281	24953	10	8	8	8	0.5063	ssclines_b4	ssclines_ncline_ctredge
1232138	primary_ssclines	MVP1232138	mod-polygenic_2-trait-pleiotropy-unequal-S	mod-polygenic	SS-Clines	N-variable_m-variable	2	1	2	2	0.1383	0.0077	0.8457	10517	555	29	29	29	0.3838	ssclines_b1	ssclines_nvar_mvar
1232363	primary_ssclines	MVP1232363	mod-polygenic_2-trait-pleiotropy-unequal-S	mod-polygenic	SS-Clines	N-variable_m-variable	2	1	1	2	0.1379	0.0346	0.8311	12715	543	32	32	32	0.3929	ssclines_b1	ssclines_nvar_mvar
1233215	primary_ssclines	MVP1233215	mod-polygenic_2-trait-no-pleiotropy-equal-S	mod-polygenic	SS-Clines	N-cline-N-to-S_m-constant	2	0	2	2	0.1378	0.6004	0.2195	26175	765	70	41	29	0.5696	ssclines_b2	ssclines_ncline_ns
1233064	primary_ssclines	MVP1233064	oliogenic_2-trait-no-pleiotropy-equal-S	oliogenic	SS-Clines	N-cline-center-to-edge_m-constant	2	0	3	3	0.1374	0.7604	0.1754	24351	12	6	3	3	0.5296	ssclines_b4	ssclines_ncline_ctredge
1232839	primary_ssclines	MVP1232839	oliogenic_2-trait-no-pleiotropy-equal-S	oliogenic	SS-Clines	N-cline-center-to-edge_m-constant	2	0	3	3	0.1371	0.6983	0.2486	24541	12	10	6	4	0.5722	ssclines_b4	ssclines_ncline_ctredge
1232614	primary_ssclines	MVP1232614	oliogenic_2-trait-no-pleiotropy-equal-S	oliogenic	SS-Clines	N-cline-center-to-edge_m-constant	2	0	3	3	0.137	0.8927	0.0442	24321	9	7	4	3	0.5437	ssclines_b4	ssclines_ncline_ctredge
1232344	primary_ssclines	MVP1232344	mod-polygenic_2-trait-pleiotropy-equal-S	mod-polygenic	SS-Clines	N-cline-center-to-edge_m-constant	2	1	3	3	0.1368	0.5786	0.3495	24510	486	21	21	21	0.5637	ssclines_b4	ssclines_ncline_ctredge
1232359	primary_ssclines	MVP1232359	mod-polygenic_2-trait-pleiotropy-unequal-S	mod-polygenic	SS-Clines	N-cline-center-to-edge_m-constant	2	1	3	3	0.1367	2e-04	0.948	24724	597	27	27	27	0.3975	ssclines_b4	ssclines_ncline_ctredge
1233214	primary_ssclines	MVP1233214	mod-polygenic_2-trait-no-pleiotropy-equal-S	mod-polygenic	SS-Clines	N-cline-center-to-edge_m-constant	2	0	3	3	0.1366	0.9349	0.0093	24444	706	64	29	35	0.5655	ssclines_b4	ssclines_ncline_ctredge
1233068	primary_ssclines	MVP1233068	oliogenic_2-trait-no-pleiotropy-equal-S	oliogenic	SS-Clines	N-variable_m-variable	2	0	2	2	0.1365	0.6631	0.2393	12669	13	7	4	3	0.5377	ssclines_b1	ssclines_nvar_mvar
1231789	primary_ssclines	MVP1231789	highly-polygenic_2-trait-no-pleiotropy-equal-S	highly-polygenic	SS-Clines	N-cline-center-to-edge_m-constant	2	0	3	3	0.1365	0.4202	0.5235	24734	3088	425	204	221	0.5733	ssclines_b4	ssclines_ncline_ctredge
1232183	primary_ssclines	MVP1232183	oliogenic_2-trait-no-pleiotropy-unequal-S	oliogenic	SS-Clines	N-variable_m-variable	2	0	3	3	0.1363	0.2178	0.5886	12212	10	7	4	3	0.3704	ssclines_b1	ssclines_nvar_mvar
1232194	primary_ssclines	MVP1232194	oliogenic_2-trait-pleiotropy-equal-S	oliogenic	SS-Clines	N-cline-center-to-edge_m-constant	2	1	3	3	0.1363	0.8702	0.0562	24418	9	5	5	5	0.5138	ssclines_b4	ssclines_ncline_ctredge
1231148	primary_ssclines	MVP1231148	highly-polygenic_2-trait-pleiotropy-equal-S	highly-polygenic	SS-Clines	N-variable_m-variable	2	1	4	4	0.1361	0.0985	0.8198	13000	2222	303	303	303	0.5553	ssclines_b1	ssclines_nvar_mvar
1232539	primary_ssclines	MVP1232539	mod-polygenic_2-trait-no-pleiotropy-equal-S	mod-polygenic	SS-Clines	N-cline-center-to-edge_m-constant	2	0	3	3	0.1361	0.0166	0.9343	24523	688	47	23	24	0.568	ssclines_b4	ssclines_ncline_ctredge
1232689	primary_ssclines	MVP1232689	highly-polygenic_2-trait-no-pleiotropy-equal-S	highly-polygenic	SS-Clines	N-cline-center-to-edge_m-constant	2	0	3	3	0.1361	0.1821	0.7698	24743	3000	427	202	225	0.5688	ssclines_b4	ssclines_ncline_ctredge
1231415	primary_ssclines	MVP1231415	mod-polygenic_2-trait-no-pleiotropy-equal-S	mod-polygenic	SS-Clines	N-cline-N-to-S_m-constant	2	0	2	2	0.136	0.8911	0.0231	25481	720	67	33	34	0.5712	ssclines_b2	ssclines_ncline_ns
1232390	primary_ssclines	MVP1232390	oliogenic_2-trait-no-pleiotropy-equal-S	oliogenic	SS-Clines	N-cline-N-to-S_m-constant	2	0	2	2	0.1358	0.7272	0.1356	24639	14	9	6	3	0.5082	ssclines_b2	ssclines_ncline_ns
1232569	primary_ssclines	MVP1232569	mod-polygenic_2-trait-pleiotropy-equal-S	mod-polygenic	SS-Clines	N-cline-center-to-edge_m-constant	2	1	7	7	0.1357	0.5137	0.428	24483	488	24	24	24	0.5698	ssclines_b4	ssclines_ncline_ctredge
1233289	primary_ssclines	MVP1233289	oliogenic_2-trait-no-pleiotropy-equal-S	oliogenic	SS-Clines	N-cline-center-to-edge_m-constant	2	0	3	3	0.1356	0.0202	0.9296	24234	10	6	3	3	0.5751	ssclines_b4	ssclines_ncline_ctredge
1233244	primary_ssclines	MVP1233244	mod-polygenic_2-trait-pleiotropy-equal-S	mod-polygenic	SS-Clines	N-cline-center-to-edge_m-constant	2	1	3	3	0.1355	0.8522	0.0855	24492	452	24	24	24	0.5627	ssclines_b4	ssclines_ncline_ctredge
1232719	primary_ssclines	MVP1232719	highly-polygenic_2-trait-pleiotropy-equal-S	highly-polygenic	SS-Clines	N-cline-center-to-edge_m-constant	2	1	3	3	0.1353	0.3427	0.6078	24307	2820	289	289	289	0.5639	ssclines_b4	ssclines_ncline_ctredge
1233034	primary_ssclines	MVP1233034	mod-polygenic_2-trait-pleiotropy-unequal-S	mod-polygenic	SS-Clines	N-cline-center-to-edge_m-constant	2	1	3	3	0.1353	0.0826	0.8671	24925	551	29	29	29	0.4088	ssclines_b4	ssclines_ncline_ctredge
1231913	primary_ssclines	MVP1231913	mod-polygenic_2-trait-pleiotropy-unequal-S	mod-polygenic	SS-Clines	N-variable_m-variable	2	1	2	2	0.1352	0.0365	0.7572	8062	538	23	23	23	0.3893	ssclines_b1	ssclines_nvar_mvar
1231444	primary_ssclines	MVP1231444	mod-polygenic_2-trait-pleiotropy-equal-S	mod-polygenic	SS-Clines	N-cline-center-to-edge_m-constant	2	1	3	3	0.1351	0.6882	0.2628	24443	422	19	19	19	0.5634	ssclines_b4	ssclines_ncline_ctredge
1231609	primary_ssclines	MVP1231609	highly-polygenic_2-trait-pleiotropy-unequal-S	highly-polygenic	SS-Clines	N-cline-center-to-edge_m-constant	2	1	3	3	0.1351	0	0.9469	24658	3053	376	376	376	0.4103	ssclines_b4	ssclines_ncline_ctredge
1231414	primary_ssclines	MVP1231414	mod-polygenic_2-trait-no-pleiotropy-equal-S	mod-polygenic	SS-Clines	N-cline-center-to-edge_m-constant	2	0	3	3	0.1347	0.6497	0.2913	24727	655	61	27	34	0.5716	ssclines_b4	ssclines_ncline_ctredge
1231669	primary_ssclines	MVP1231669	mod-polygenic_2-trait-pleiotropy-equal-S	mod-polygenic	SS-Clines	N-cline-center-to-edge_m-constant	2	1	3	3	0.1346	0.7698	0.1827	24597	461	22	22	22	0.5673	ssclines_b4	ssclines_ncline_ctredge
1231939	primary_ssclines	MVP1231939	oliogenic_2-trait-no-pleiotropy-equal-S	oliogenic	SS-Clines	N-cline-center-to-edge_m-constant	2	0	3	3	0.1345	0.9302	0.003	24085	12	8	5	3	0.5469	ssclines_b4	ssclines_ncline_ctredge
1233094	primary_ssclines	MVP1233094	oliogenic_2-trait-pleiotropy-equal-S	oliogenic	SS-Clines	N-cline-center-to-edge_m-constant	2	1	3	3	0.1345	0.8308	0.1161	24143	12	4	4	4	0.5171	ssclines_b4	ssclines_ncline_ctredge
1232944	primary_ssclines	MVP1232944	highly-polygenic_2-trait-pleiotropy-equal-S	highly-polygenic	SS-Clines	N-cline-center-to-edge_m-constant	2	1	3	3	0.1344	0.862	0.0714	24695	2783	310	310	310	0.5611	ssclines_b4	ssclines_ncline_ctredge
1232734	primary_ssclines	MVP1232734	highly-polygenic_2-trait-pleiotropy-unequal-S	highly-polygenic	SS-Clines	N-cline-center-to-edge_m-constant	2	1	3	3	0.1343	0.0097	0.9296	25122	3102	416	416	416	0.4089	ssclines_b4	ssclines_ncline_ctredge
1232239	primary_ssclines	MVP1232239	highly-polygenic_2-trait-no-pleiotropy-equal-S	highly-polygenic	SS-Clines	N-cline-center-to-edge_m-constant	2	0	3	3	0.1342	0.5107	0.446	24925	3097	403	203	200	0.5731	ssclines_b4	ssclines_ncline_ctredge
1232794	primary_ssclines	MVP1232794	mod-polygenic_2-trait-pleiotropy-equal-S	mod-polygenic	SS-Clines	N-cline-center-to-edge_m-constant	2	1	3	3	0.1341	0.5803	0.3647	24211	476	25	25	25	0.5685	ssclines_b4	ssclines_ncline_ctredge
1232869	primary_ssclines	MVP1232869	oliogenic_2-trait-pleiotropy-equal-S	oliogenic	SS-Clines	N-cline-center-to-edge_m-constant	2	1	3	3	0.1341	0.1314	0.8191	24639	8	4	4	4	0.4991	ssclines_b4	ssclines_ncline_ctredge
1233079	primary_ssclines	MVP1233079	oliogenic_2-trait-no-pleiotropy-unequal-S	oliogenic	SS-Clines	N-cline-center-to-edge_m-constant	2	0	3	3	0.1339	8e-04	0.9526	24521	9	5	3	2	0.4084	ssclines_b4	ssclines_ncline_ctredge
1231339	primary_ssclines	MVP1231339	highly-polygenic_2-trait-no-pleiotropy-equal-S	highly-polygenic	SS-Clines	N-cline-center-to-edge_m-constant	2	0	3	3	0.1337	0.6418	0.3014	24948	2966	411	201	210	0.572	ssclines_b4	ssclines_ncline_ctredge
1233184	primary_ssclines	MVP1233184	highly-polygenic_2-trait-pleiotropy-unequal-S	highly-polygenic	SS-Clines	N-cline-center-to-edge_m-constant	2	1	3	3	0.1337	0.1661	0.7766	25442	3009	418	418	418	0.4016	ssclines_b4	ssclines_ncline_ctredge
1232165	primary_ssclines	MVP1232165	oliogenic_2-trait-no-pleiotropy-equal-S	oliogenic	SS-Clines	N-cline-N-to-S_m-constant	2	0	4	4	0.1335	0.5771	0.2212	25869	16	7	4	3	0.5643	ssclines_b2	ssclines_ncline_ns
1233065	primary_ssclines	MVP1233065	oliogenic_2-trait-no-pleiotropy-equal-S	oliogenic	SS-Clines	N-cline-N-to-S_m-constant	2	0	2	2	0.1335	0.8686	0.0377	25712	10	7	3	4	0.5558	ssclines_b2	ssclines_ncline_ns
1231594	primary_ssclines	MVP1231594	highly-polygenic_2-trait-pleiotropy-equal-S	highly-polygenic	SS-Clines	N-cline-center-to-edge_m-constant	2	1	3	3	0.1335	0.731	0.222	25065	2806	335	335	335	0.5646	ssclines_b4	ssclines_ncline_ctredge
1231759	primary_ssclines	MVP1231759	oliogenic_2-trait-pleiotropy-unequal-S	oliogenic	SS-Clines	N-cline-center-to-edge_m-constant	2	1	3	3	0.1334	0.0544	0.8799	24757	13	7	7	7	0.4029	ssclines_b4	ssclines_ncline_ctredge
1231489	primary_ssclines	MVP1231489	oliogenic_2-trait-no-pleiotropy-equal-S	oliogenic	SS-Clines	N-cline-center-to-edge_m-constant	2	0	3	3	0.1333	0.5512	0.3884	24799	13	8	5	3	0.5703	ssclines_b4	ssclines_ncline_ctredge
1231295	primary_ssclines	MVP1231295	oliogenic_2-trait-pleiotropy-equal-S	oliogenic	SS-Clines	N-cline-N-to-S_m-constant	2	1	2	2	0.1332	0.884	0.0289	25146	7	6	6	6	0.5729	ssclines_b2	ssclines_ncline_ns
1231970	primary_ssclines	MVP1231970	oliogenic_2-trait-pleiotropy-equal-S	oliogenic	SS-Clines	N-cline-N-to-S_m-constant	2	1	2	2	0.1332	0.7843	0.0663	25939	9	7	7	7	0.5267	ssclines_b2	ssclines_ncline_ns
1231714	primary_ssclines	MVP1231714	oliogenic_2-trait-no-pleiotropy-equal-S	oliogenic	SS-Clines	N-cline-center-to-edge_m-constant	2	0	3	3	0.1332	0.819	0.1083	25026	13	7	3	4	0.5542	ssclines_b4	ssclines_ncline_ctredge
1232198	primary_ssclines	MVP1232198	oliogenic_2-trait-pleiotropy-equal-S	oliogenic	SS-Clines	N-variable_m-variable	2	1	3	3	0.133	0.5358	0.2933	10283	9	7	7	7	0.4922	ssclines_b1	ssclines_nvar_mvar
1232089	primary_ssclines	MVP1232089	mod-polygenic_2-trait-no-pleiotropy-equal-S	mod-polygenic	SS-Clines	N-cline-center-to-edge_m-constant	2	0	3	3	0.133	0.5927	0.3627	24566	667	60	26	34	0.5759	ssclines_b4	ssclines_ncline_ctredge
1231163	primary_ssclines	MVP1231163	highly-polygenic_2-trait-pleiotropy-unequal-S	highly-polygenic	SS-Clines	N-variable_m-variable	2	1	4	4	0.1329	0.295	0.5806	15691	2390	388	388	388	0.3952	ssclines_b1	ssclines_nvar_mvar
1233109	primary_ssclines	MVP1233109	oliogenic_2-trait-pleiotropy-unequal-S	oliogenic	SS-Clines	N-cline-center-to-edge_m-constant	2	1	3	3	0.1329	0.07	0.8831	24395	9	6	6	6	0.3571	ssclines_b4	ssclines_ncline_ctredge
1231894	primary_ssclines	MVP1231894	mod-polygenic_2-trait-pleiotropy-equal-S	mod-polygenic	SS-Clines	N-cline-center-to-edge_m-constant	2	1	3	3	0.1327	0.5993	0.3429	24798	443	18	18	18	0.5683	ssclines_b4	ssclines_ncline_ctredge
1232570	primary_ssclines	MVP1232570	mod-polygenic_2-trait-pleiotropy-equal-S	mod-polygenic	SS-Clines	N-cline-N-to-S_m-constant	2	1	4	4	0.1326	0.9234	0.0068	25600	481	33	33	33	0.5654	ssclines_b2	ssclines_ncline_ns
1231144	primary_ssclines	MVP1231144	highly-polygenic_2-trait-pleiotropy-equal-S	highly-polygenic	SS-Clines	N-cline-center-to-edge_m-constant	2	1	3	3	0.1326	0.8038	0.133	25104	2820	307	307	307	0.5626	ssclines_b4	ssclines_ncline_ctredge
1231808	primary_ssclines	MVP1231808	highly-polygenic_2-trait-no-pleiotropy-unequal-S	highly-polygenic	SS-Clines	N-variable_m-variable	2	0	3	3	0.1325	0.0378	0.8583	12779	2536	413	228	185	0.4094	ssclines_b1	ssclines_nvar_mvar
1231969	primary_ssclines	MVP1231969	oliogenic_2-trait-pleiotropy-equal-S	oliogenic	SS-Clines	N-cline-center-to-edge_m-constant	2	1	3	3	0.1325	0.7341	0.2107	24744	11	7	7	7	0.5388	ssclines_b4	ssclines_ncline_ctredge
1233308	primary_ssclines	MVP1233308	oliogenic_2-trait-no-pleiotropy-unequal-S	oliogenic	SS-Clines	N-variable_m-variable	2	0	4	4	0.1324	0.4451	0.404	11616	9	5	2	3	0.3801	ssclines_b1	ssclines_nvar_mvar
1232420	primary_ssclines	MVP1232420	oliogenic_2-trait-pleiotropy-equal-S	oliogenic	SS-Clines	N-cline-N-to-S_m-constant	2	1	2	2	0.1323	0.8856	0.0321	25837	11	7	7	7	0.5175	ssclines_b2	ssclines_ncline_ns
1232269	primary_ssclines	MVP1232269	highly-polygenic_2-trait-pleiotropy-equal-S	highly-polygenic	SS-Clines	N-cline-center-to-edge_m-constant	2	1	3	3	0.1323	0.6345	0.3154	24591	2809	317	317	317	0.5632	ssclines_b4	ssclines_ncline_ctredge
1232404	primary_ssclines	MVP1232404	oliogenic_2-trait-no-pleiotropy-unequal-S	oliogenic	SS-Clines	N-cline-center-to-edge_m-constant	2	0	3	3	0.1323	2e-04	0.9423	24534	11	6	2	4	0.3952	ssclines_b4	ssclines_ncline_ctredge
1231189	primary_ssclines	MVP1231189	mod-polygenic_2-trait-no-pleiotropy-equal-S	mod-polygenic	SS-Clines	N-cline-center-to-edge_m-constant	2	0	3	3	0.1322	0.3229	0.6187	24395	696	61	37	24	0.5796	ssclines_b4	ssclines_ncline_ctredge
1231670	primary_ssclines	MVP1231670	mod-polygenic_2-trait-pleiotropy-equal-S	mod-polygenic	SS-Clines	N-cline-N-to-S_m-constant	2	1	2	2	0.132	0.8329	0.0582	25627	507	25	24	24	0.5658	ssclines_b2	ssclines_ncline_ns
1233005	primary_ssclines	MVP1233005	mod-polygenic_2-trait-no-pleiotropy-unequal-S	mod-polygenic	SS-Clines	N-cline-N-to-S_m-constant	2	0	2	2	0.1318	0.4255	0.3622	25589	883	87	54	32	0.4005	ssclines_b2	ssclines_ncline_ns
1232014	primary_ssclines	MVP1232014	highly-polygenic_2-trait-no-pleiotropy-equal-S	highly-polygenic	SS-Clines	N-cline-center-to-edge_m-constant	2	0	3	3	0.1318	0.5629	0.3791	24789	3086	439	221	218	0.5721	ssclines_b4	ssclines_ncline_ctredge
1232464	primary_ssclines	MVP1232464	highly-polygenic_2-trait-no-pleiotropy-equal-S	highly-polygenic	SS-Clines	N-cline-center-to-edge_m-constant	2	0	3	3	0.1318	0.11	0.8367	24925	3109	417	209	208	0.5674	ssclines_b4	ssclines_ncline_ctredge
1232644	primary_ssclines	MVP1232644	oliogenic_2-trait-pleiotropy-equal-S	oliogenic	SS-Clines	N-cline-center-to-edge_m-constant	2	1	3	3	0.1315	0.7495	0.1894	24590	8	6	6	6	0.5223	ssclines_b4	ssclines_ncline_ctredge
1232240	primary_ssclines	MVP1232240	highly-polygenic_2-trait-no-pleiotropy-equal-S	highly-polygenic	SS-Clines	N-cline-N-to-S_m-constant	2	0	2	2	0.1314	0.8763	0.0192	25888	3265	470	239	230	0.5687	ssclines_b2	ssclines_ncline_ns
1232554	primary_ssclines	MVP1232554	mod-polygenic_2-trait-no-pleiotropy-unequal-S	mod-polygenic	SS-Clines	N-cline-center-to-edge_m-constant	2	0	3	3	0.1313	0.1251	0.8287	24809	884	66	41	25	0.4115	ssclines_b4	ssclines_ncline_ctredge
1233170	primary_ssclines	MVP1233170	highly-polygenic_2-trait-pleiotropy-equal-S	highly-polygenic	SS-Clines	N-cline-N-to-S_m-constant	2	1	4	4	0.1312	0.8968	0.0083	25730	3044	378	377	377	0.5637	ssclines_b2	ssclines_ncline_ns
1232044	primary_ssclines	MVP1232044	highly-polygenic_2-trait-pleiotropy-equal-S	highly-polygenic	SS-Clines	N-cline-center-to-edge_m-constant	2	1	3	3	0.1312	0.0916	0.851	24457	2885	330	330	330	0.5633	ssclines_b4	ssclines_ncline_ctredge
1232389	primary_ssclines	MVP1232389	oliogenic_2-trait-no-pleiotropy-equal-S	oliogenic	SS-Clines	N-cline-center-to-edge_m-constant	2	0	3	3	0.1312	0.949	1e-04	24503	14	5	3	2	0.5163	ssclines_b4	ssclines_ncline_ctredge
1233320	primary_ssclines	MVP1233320	oliogenic_2-trait-pleiotropy-equal-S	oliogenic	SS-Clines	N-cline-N-to-S_m-constant	2	1	2	2	0.131	0.811	0.053	25523	11	7	7	7	0.4957	ssclines_b2	ssclines_ncline_ns
1231730	primary_ssclines	MVP1231730	oliogenic_2-trait-no-pleiotropy-unequal-S	oliogenic	SS-Clines	N-cline-N-to-S_m-constant	2	0	4	4	0.1309	0.1525	0.5391	25383	7	3	1	2	0.3773	ssclines_b2	ssclines_ncline_ns
1232059	primary_ssclines	MVP1232059	highly-polygenic_2-trait-pleiotropy-unequal-S	highly-polygenic	SS-Clines	N-cline-center-to-edge_m-constant	2	1	3	3	0.1309	0.169	0.7793	24962	2883	368	368	368	0.4053	ssclines_b4	ssclines_ncline_ctredge
1231309	primary_ssclines	MVP1231309	oliogenic_2-trait-pleiotropy-unequal-S	oliogenic	SS-Clines	N-cline-center-to-edge_m-constant	2	1	3	3	0.1307	0.1276	0.8175	24364	8	6	6	6	0.3975	ssclines_b4	ssclines_ncline_ctredge
1231864	primary_ssclines	MVP1231864	mod-polygenic_2-trait-no-pleiotropy-equal-S	mod-polygenic	SS-Clines	N-cline-center-to-edge_m-constant	2	0	3	3	0.1307	0.8369	0.1016	24396	701	59	33	26	0.5688	ssclines_b4	ssclines_ncline_ctredge
1231190	primary_ssclines	MVP1231190	mod-polygenic_2-trait-no-pleiotropy-equal-S	mod-polygenic	SS-Clines	N-cline-N-to-S_m-constant	2	0	2	2	0.1306	0.9252	0	25092	702	67	36	30	0.5682	ssclines_b2	ssclines_ncline_ns
1231535	primary_ssclines	MVP1231535	oliogenic_2-trait-pleiotropy-unequal-S	oliogenic	SS-Clines	N-cline-N-to-S_m-constant	2	1	2	2	0.1306	0.2609	0.441	25272	12	6	6	6	0.3752	ssclines_b2	ssclines_ncline_ns
1232914	primary_ssclines	MVP1232914	highly-polygenic_2-trait-no-pleiotropy-equal-S	highly-polygenic	SS-Clines	N-cline-center-to-edge_m-constant	2	0	3	3	0.1305	0.4085	0.542	24767	3125	416	192	224	0.5664	ssclines_b4	ssclines_ncline_ctredge
1231729	primary_ssclines	MVP1231729	oliogenic_2-trait-no-pleiotropy-unequal-S	oliogenic	SS-Clines	N-cline-center-to-edge_m-constant	2	0	3	3	0.1304	0.0357	0.9073	24788	13	6	2	4	0.4102	ssclines_b4	ssclines_ncline_ctredge
1231369	primary_ssclines	MVP1231369	highly-polygenic_2-trait-pleiotropy-equal-S	highly-polygenic	SS-Clines	N-cline-center-to-edge_m-constant	2	1	3	3	0.1303	0.1268	0.809	24456	2927	342	342	342	0.5609	ssclines_b4	ssclines_ncline_ctredge
1232029	primary_ssclines	MVP1232029	highly-polygenic_2-trait-no-pleiotropy-unequal-S	highly-polygenic	SS-Clines	N-cline-center-to-edge_m-constant	2	0	3	3	0.1303	0.2073	0.7273	25356	3169	476	249	227	0.4038	ssclines_b4	ssclines_ncline_ctredge
1232630	primary_ssclines	MVP1232630	oliogenic_2-trait-no-pleiotropy-unequal-S	oliogenic	SS-Clines	N-cline-N-to-S_m-constant	2	0	2	2	0.1302	0.5477	0.2802	25606	10	7	3	4	0.386	ssclines_b2	ssclines_ncline_ns
1232314	primary_ssclines	MVP1232314	mod-polygenic_2-trait-no-pleiotropy-equal-S	mod-polygenic	SS-Clines	N-cline-center-to-edge_m-constant	2	0	3	3	0.1301	0.1018	0.7954	24424	675	65	36	29	0.5669	ssclines_b4	ssclines_ncline_ctredge
1231340	primary_ssclines	MVP1231340	highly-polygenic_2-trait-no-pleiotropy-equal-S	highly-polygenic	SS-Clines	N-cline-N-to-S_m-constant	2	0	2	2	0.13	0.7119	0.1418	26419	3266	510	253	257	0.564	ssclines_b2	ssclines_ncline_ns
1232809	primary_ssclines	MVP1232809	mod-polygenic_2-trait-pleiotropy-unequal-S	mod-polygenic	SS-Clines	N-cline-center-to-edge_m-constant	2	1	3	3	0.13	0.0029	0.9446	24840	650	29	29	29	0.3978	ssclines_b4	ssclines_ncline_ctredge
1232348	primary_ssclines	MVP1232348	mod-polygenic_2-trait-pleiotropy-equal-S	mod-polygenic	SS-Clines	N-variable_m-variable	2	1	2	2	0.1299	0.3719	0.5368	13277	425	20	20	20	0.554	ssclines_b1	ssclines_nvar_mvar
1232479	primary_ssclines	MVP1232479	highly-polygenic_2-trait-no-pleiotropy-unequal-S	highly-polygenic	SS-Clines	N-cline-center-to-edge_m-constant	2	0	3	3	0.1297	0.1315	0.8117	24993	3168	496	278	218	0.4033	ssclines_b4	ssclines_ncline_ctredge
1232629	primary_ssclines	MVP1232629	oliogenic_2-trait-no-pleiotropy-unequal-S	oliogenic	SS-Clines	N-cline-center-to-edge_m-constant	2	0	3	3	0.1296	0.004	0.9277	24905	12	8	4	4	0.3872	ssclines_b4	ssclines_ncline_ctredge
1233004	primary_ssclines	MVP1233004	mod-polygenic_2-trait-no-pleiotropy-unequal-S	mod-polygenic	SS-Clines	N-cline-center-to-edge_m-constant	2	0	3	3	0.1296	3e-04	0.9457	24406	816	83	45	38	0.4058	ssclines_b4	ssclines_ncline_ctredge
1232465	primary_ssclines	MVP1232465	highly-polygenic_2-trait-no-pleiotropy-equal-S	highly-polygenic	SS-Clines	N-cline-N-to-S_m-constant	2	0	2	2	0.1295	0.867	0.0437	25952	3249	482	256	224	0.5604	ssclines_b2	ssclines_ncline_ns
1232104	primary_ssclines	MVP1232104	mod-polygenic_2-trait-no-pleiotropy-unequal-S	mod-polygenic	SS-Clines	N-cline-center-to-edge_m-constant	2	0	3	3	0.1295	0.0011	0.9493	24842	871	67	40	27	0.4025	ssclines_b4	ssclines_ncline_ctredge
1232720	primary_ssclines	MVP1232720	highly-polygenic_2-trait-pleiotropy-equal-S	highly-polygenic	SS-Clines	N-cline-N-to-S_m-constant	2	1	2	2	0.1294	0.0545	0.6088	25931	3057	368	368	368	0.5685	ssclines_b2	ssclines_ncline_ns
1231220	primary_ssclines	MVP1231220	mod-polygenic_2-trait-pleiotropy-equal-S	mod-polygenic	SS-Clines	N-cline-N-to-S_m-constant	2	1	2	2	0.1293	0.8893	0.0147	25229	498	29	29	29	0.5635	ssclines_b2	ssclines_ncline_ns
1231490	primary_ssclines	MVP1231490	oliogenic_2-trait-no-pleiotropy-equal-S	oliogenic	SS-Clines	N-cline-N-to-S_m-constant	2	0	2	2	0.1293	0.5981	0.2309	25783	17	10	6	4	0.5371	ssclines_b2	ssclines_ncline_ns
1231940	primary_ssclines	MVP1231940	oliogenic_2-trait-no-pleiotropy-equal-S	oliogenic	SS-Clines	N-cline-N-to-S_m-constant	2	0	4	4	0.1293	0.9251	0.012	25833	9	7	3	4	0.5253	ssclines_b2	ssclines_ncline_ns
1231744	primary_ssclines	MVP1231744	oliogenic_2-trait-pleiotropy-equal-S	oliogenic	SS-Clines	N-cline-center-to-edge_m-constant	2	1	3	3	0.1293	0.5543	0.4043	24487	10	5	5	5	0.5023	ssclines_b4	ssclines_ncline_ctredge
1232494	primary_ssclines	MVP1232494	highly-polygenic_2-trait-pleiotropy-equal-S	highly-polygenic	SS-Clines	N-cline-center-to-edge_m-constant	2	1	3	3	0.1292	0.3149	0.5794	24752	2913	310	310	310	0.5616	ssclines_b4	ssclines_ncline_ctredge
1232929	primary_ssclines	MVP1232929	highly-polygenic_2-trait-no-pleiotropy-unequal-S	highly-polygenic	SS-Clines	N-cline-center-to-edge_m-constant	2	0	3	3	0.1292	0.3135	0.6318	25017	3224	451	249	202	0.4094	ssclines_b4	ssclines_ncline_ctredge
1231264	primary_ssclines	MVP1231264	oliogenic_2-trait-no-pleiotropy-equal-S	oliogenic	SS-Clines	N-cline-center-to-edge_m-constant	2	0	3	3	0.129	0.2895	0.6578	24867	13	7	4	3	0.5654	ssclines_b4	ssclines_ncline_ctredge
1232870	primary_ssclines	MVP1232870	oliogenic_2-trait-pleiotropy-equal-S	oliogenic	SS-Clines	N-cline-N-to-S_m-constant	2	1	4	4	0.1289	0.9164	7e-04	25878	11	7	7	7	0.5302	ssclines_b2	ssclines_ncline_ns
1231895	primary_ssclines	MVP1231895	mod-polygenic_2-trait-pleiotropy-equal-S	mod-polygenic	SS-Clines	N-cline-N-to-S_m-constant	2	1	2	2	0.1288	0.9327	0.0026	25306	489	31	31	31	0.5605	ssclines_b2	ssclines_ncline_ns
1233095	primary_ssclines	MVP1233095	oliogenic_2-trait-pleiotropy-equal-S	oliogenic	SS-Clines	N-cline-N-to-S_m-constant	2	1	2	2	0.1288	0.8624	0.0509	25609	10	7	7	7	0.5122	ssclines_b2	ssclines_ncline_ns
1232645	primary_ssclines	MVP1232645	oliogenic_2-trait-pleiotropy-equal-S	oliogenic	SS-Clines	N-cline-N-to-S_m-constant	2	1	2	2	0.1287	0.9087	0.0099	25470	9	5	5	5	0.5325	ssclines_b2	ssclines_ncline_ns
1231115	primary_ssclines	MVP1231115	highly-polygenic_2-trait-no-pleiotropy-equal-S	highly-polygenic	SS-Clines	N-cline-N-to-S_m-constant	2	0	2	2	0.1286	0.9169	0.0062	25977	3356	478	237	241	0.5718	ssclines_b2	ssclines_ncline_ns
1232555	primary_ssclines	MVP1232555	mod-polygenic_2-trait-no-pleiotropy-unequal-S	mod-polygenic	SS-Clines	N-cline-N-to-S_m-constant	2	0	2	2	0.1286	0.8855	0.0219	25507	912	99	62	37	0.4068	ssclines_b2	ssclines_ncline_ns
1232779	primary_ssclines	MVP1232779	mod-polygenic_2-trait-no-pleiotropy-unequal-S	mod-polygenic	SS-Clines	N-cline-center-to-edge_m-constant	2	0	3	3	0.1286	0.1573	0.7753	24792	826	86	47	39	0.4019	ssclines_b4	ssclines_ncline_ctredge
1232015	primary_ssclines	MVP1232015	highly-polygenic_2-trait-no-pleiotropy-equal-S	highly-polygenic	SS-Clines	N-cline-N-to-S_m-constant	2	0	2	2	0.1284	0.8947	0.0153	25839	3414	450	252	198	0.5772	ssclines_b2	ssclines_ncline_ns
1232765	primary_ssclines	MVP1232765	mod-polygenic_2-trait-no-pleiotropy-equal-S	mod-polygenic	SS-Clines	N-cline-N-to-S_m-constant	2	0	2	2	0.1283	0.8141	0.0759	25948	750	66	39	27	0.5656	ssclines_b2	ssclines_ncline_ns
1232810	primary_ssclines	MVP1232810	mod-polygenic_2-trait-pleiotropy-unequal-S	mod-polygenic	SS-Clines	N-cline-N-to-S_m-constant	2	1	4	4	0.1283	0.913	2e-04	25407	622	30	30	30	0.4003	ssclines_b2	ssclines_ncline_ns
1231819	primary_ssclines	MVP1231819	highly-polygenic_2-trait-pleiotropy-equal-S	highly-polygenic	SS-Clines	N-cline-center-to-edge_m-constant	2	1	3	3	0.1282	0.9277	7e-04	24839	2878	351	351	351	0.5602	ssclines_b4	ssclines_ncline_ctredge
1231459	primary_ssclines	MVP1231459	mod-polygenic_2-trait-pleiotropy-unequal-S	mod-polygenic	SS-Clines	N-cline-center-to-edge_m-constant	2	1	3	3	0.128	0.003	0.952	24718	569	26	26	26	0.3989	ssclines_b4	ssclines_ncline_ctredge
1232990	primary_ssclines	MVP1232990	mod-polygenic_2-trait-no-pleiotropy-equal-S	mod-polygenic	SS-Clines	N-cline-N-to-S_m-constant	2	0	2	2	0.1279	0.9243	0.0012	25484	700	60	35	25	0.5756	ssclines_b2	ssclines_ncline_ns
1231234	primary_ssclines	MVP1231234	mod-polygenic_2-trait-pleiotropy-unequal-S	mod-polygenic	SS-Clines	N-cline-center-to-edge_m-constant	2	1	3	3	0.1279	0.0358	0.9088	24535	602	27	27	27	0.3991	ssclines_b4	ssclines_ncline_ctredge
1231715	primary_ssclines	MVP1231715	oliogenic_2-trait-no-pleiotropy-equal-S	oliogenic	SS-Clines	N-cline-N-to-S_m-constant	2	0	2	2	0.1278	0.8443	0.0609	25178	12	8	4	4	0.5704	ssclines_b2	ssclines_ncline_ns
1232795	primary_ssclines	MVP1232795	mod-polygenic_2-trait-pleiotropy-equal-S	mod-polygenic	SS-Clines	N-cline-N-to-S_m-constant	2	1	2	2	0.1277	0.9188	0.0029	25636	459	28	28	28	0.5617	ssclines_b2	ssclines_ncline_ns
1233245	primary_ssclines	MVP1233245	mod-polygenic_2-trait-pleiotropy-equal-S	mod-polygenic	SS-Clines	N-cline-N-to-S_m-constant	2	1	2	2	0.1277	0.7962	0.0867	25576	454	21	21	21	0.565	ssclines_b2	ssclines_ncline_ns
1231763	primary_ssclines	MVP1231763	oliogenic_2-trait-pleiotropy-unequal-S	oliogenic	SS-Clines	N-variable_m-variable	2	1	2	2	0.1276	0.0636	0.7941	9042	8	5	5	5	0.3685	ssclines_b1	ssclines_nvar_mvar
1232840	primary_ssclines	MVP1232840	oliogenic_2-trait-no-pleiotropy-equal-S	oliogenic	SS-Clines	N-cline-N-to-S_m-constant	2	0	2	2	0.1276	0.8628	0.0256	25227	10	7	4	3	0.559	ssclines_b2	ssclines_ncline_ns
1233260	primary_ssclines	MVP1233260	mod-polygenic_2-trait-pleiotropy-unequal-S	mod-polygenic	SS-Clines	N-cline-N-to-S_m-constant	2	1	2	2	0.1276	0.6554	0.1942	25195	578	22	22	22	0.4052	ssclines_b2	ssclines_ncline_ns
1231445	primary_ssclines	MVP1231445	mod-polygenic_2-trait-pleiotropy-equal-S	mod-polygenic	SS-Clines	N-cline-N-to-S_m-constant	2	1	2	2	0.1275	0.8874	0.0298	25524	502	30	30	30	0.5644	ssclines_b2	ssclines_ncline_ns
1231658	primary_ssclines	MVP1231658	mod-polygenic_2-trait-no-pleiotropy-unequal-S	mod-polygenic	SS-Clines	N-variable_m-variable	2	0	3	3	0.1274	0.1512	0.7342	11655	700	66	41	25	0.4046	ssclines_b1	ssclines_nvar_mvar
1231565	primary_ssclines	MVP1231565	highly-polygenic_2-trait-no-pleiotropy-equal-S	highly-polygenic	SS-Clines	N-cline-N-to-S_m-constant	2	0	4	4	0.1274	0.9086	5e-04	26407	3367	495	257	237	0.5649	ssclines_b2	ssclines_ncline_ns
1232708	primary_ssclines	MVP1232708	highly-polygenic_2-trait-no-pleiotropy-unequal-S	highly-polygenic	SS-Clines	N-variable_m-variable	2	0	3	3	0.1273	0.1525	0.7102	13428	2467	436	242	194	0.4058	ssclines_b1	ssclines_nvar_mvar
1232615	primary_ssclines	MVP1232615	oliogenic_2-trait-no-pleiotropy-equal-S	oliogenic	SS-Clines	N-cline-N-to-S_m-constant	2	0	2	2	0.1273	0.8925	0.0245	25455	12	6	3	3	0.5642	ssclines_b2	ssclines_ncline_ns
1231910	primary_ssclines	MVP1231910	mod-polygenic_2-trait-pleiotropy-unequal-S	mod-polygenic	SS-Clines	N-cline-N-to-S_m-constant	2	1	2	2	0.1272	0.3561	0.409	25598	621	30	30	30	0.402	ssclines_b2	ssclines_ncline_ns
1231865	primary_ssclines	MVP1231865	mod-polygenic_2-trait-no-pleiotropy-equal-S	mod-polygenic	SS-Clines	N-cline-N-to-S_m-constant	2	0	2	2	0.1271	0.7765	0.1025	25473	716	59	31	28	0.564	ssclines_b2	ssclines_ncline_ns
1232945	primary_ssclines	MVP1232945	highly-polygenic_2-trait-pleiotropy-equal-S	highly-polygenic	SS-Clines	N-cline-N-to-S_m-constant	2	1	4	4	0.127	0.9203	5e-04	26269	3038	339	339	339	0.5652	ssclines_b2	ssclines_ncline_ns
1231639	primary_ssclines	MVP1231639	mod-polygenic_2-trait-no-pleiotropy-equal-S	mod-polygenic	SS-Clines	N-cline-center-to-edge_m-constant	2	0	3	3	0.127	0.7574	0.1898	24522	733	51	26	25	0.5607	ssclines_b4	ssclines_ncline_ctredge
1231955	primary_ssclines	MVP1231955	oliogenic_2-trait-no-pleiotropy-unequal-S	oliogenic	SS-Clines	N-cline-N-to-S_m-constant	2	0	4	4	0.1269	0.1809	0.5351	25926	9	5	2	3	0.3909	ssclines_b2	ssclines_ncline_ns
1233140	primary_ssclines	MVP1233140	highly-polygenic_2-trait-no-pleiotropy-equal-S	highly-polygenic	SS-Clines	N-cline-N-to-S_m-constant	2	0	4	4	0.1269	0.8518	0.0215	26351	3392	479	247	232	0.5648	ssclines_b2	ssclines_ncline_ns
1232119	primary_ssclines	MVP1232119	mod-polygenic_2-trait-pleiotropy-equal-S	mod-polygenic	SS-Clines	N-cline-center-to-edge_m-constant	2	1	3	3	0.1269	0.0373	0.9065	24617	468	18	18	18	0.5594	ssclines_b4	ssclines_ncline_ctredge
1231145	primary_ssclines	MVP1231145	highly-polygenic_2-trait-pleiotropy-equal-S	highly-polygenic	SS-Clines	N-cline-N-to-S_m-constant	2	1	2	2	0.1267	0.8185	0.0704	26166	3021	351	351	351	0.5651	ssclines_b2	ssclines_ncline_ns
1232270	primary_ssclines	MVP1232270	highly-polygenic_2-trait-pleiotropy-equal-S	highly-polygenic	SS-Clines	N-cline-N-to-S_m-constant	2	1	2	2	0.1267	0.8503	0.0442	26018	3088	381	381	381	0.562	ssclines_b2	ssclines_ncline_ns
1233169	primary_ssclines	MVP1233169	highly-polygenic_2-trait-pleiotropy-equal-S	highly-polygenic	SS-Clines	N-cline-center-to-edge_m-constant	2	1	3	3	0.1267	0.1105	0.8422	24701	2899	373	373	373	0.5619	ssclines_b4	ssclines_ncline_ctredge
1232090	primary_ssclines	MVP1232090	mod-polygenic_2-trait-no-pleiotropy-equal-S	mod-polygenic	SS-Clines	N-cline-N-to-S_m-constant	2	0	4	4	0.1266	0.9218	0.0098	25542	688	63	30	33	0.5695	ssclines_b2	ssclines_ncline_ns
1232960	primary_ssclines	MVP1232960	highly-polygenic_2-trait-pleiotropy-unequal-S	highly-polygenic	SS-Clines	N-cline-N-to-S_m-constant	2	1	2	2	0.1266	0.0376	0.6114	26159	3251	415	415	415	0.403	ssclines_b2	ssclines_ncline_ns
1231519	primary_ssclines	MVP1231519	oliogenic_2-trait-pleiotropy-equal-S	oliogenic	SS-Clines	N-cline-center-to-edge_m-constant	2	1	3	3	0.1266	0.45	0.482	24498	6	5	5	5	0.5169	ssclines_b4	ssclines_ncline_ctredge
1232434	primary_ssclines	MVP1232434	oliogenic_2-trait-pleiotropy-unequal-S	oliogenic	SS-Clines	N-cline-center-to-edge_m-constant	2	1	3	3	0.1265	0.1821	0.7684	24818	7	4	4	4	0.3869	ssclines_b4	ssclines_ncline_ctredge
1231505	primary_ssclines	MVP1231505	oliogenic_2-trait-no-pleiotropy-unequal-S	oliogenic	SS-Clines	N-cline-N-to-S_m-constant	2	0	2	2	0.1264	0.5577	0.2727	25285	12	8	4	4	0.3705	ssclines_b2	ssclines_ncline_ns
1231580	primary_ssclines	MVP1231580	highly-polygenic_2-trait-no-pleiotropy-unequal-S	highly-polygenic	SS-Clines	N-cline-N-to-S_m-constant	2	0	4	4	0.1263	0.4283	0.3512	26011	3452	533	277	255	0.4034	ssclines_b2	ssclines_ncline_ns
1232120	primary_ssclines	MVP1232120	mod-polygenic_2-trait-pleiotropy-equal-S	mod-polygenic	SS-Clines	N-cline-N-to-S_m-constant	2	1	2	2	0.1263	0.9115	3e-04	25308	478	24	24	24	0.5677	ssclines_b2	ssclines_ncline_ns
1232195	primary_ssclines	MVP1232195	oliogenic_2-trait-pleiotropy-equal-S	oliogenic	SS-Clines	N-cline-N-to-S_m-constant	2	1	2	2	0.1263	0.901	0.0161	25986	11	9	9	9	0.5456	ssclines_b2	ssclines_ncline_ns
1232210	primary_ssclines	MVP1232210	oliogenic_2-trait-pleiotropy-unequal-S	oliogenic	SS-Clines	N-cline-N-to-S_m-constant	2	1	2	2	0.1263	0.8137	0.068	25982	8	7	7	7	0.3884	ssclines_b2	ssclines_ncline_ns
1232134	primary_ssclines	MVP1232134	mod-polygenic_2-trait-pleiotropy-unequal-S	mod-polygenic	SS-Clines	N-cline-center-to-edge_m-constant	2	1	3	3	0.1263	0.0704	0.8728	24637	578	26	26	26	0.4041	ssclines_b4	ssclines_ncline_ctredge
1232329	primary_ssclines	MVP1232329	mod-polygenic_2-trait-no-pleiotropy-unequal-S	mod-polygenic	SS-Clines	N-cline-center-to-edge_m-constant	2	0	3	3	0.1263	0.14	0.807	24963	833	83	49	34	0.3978	ssclines_b4	ssclines_ncline_ctredge
1231384	primary_ssclines	MVP1231384	highly-polygenic_2-trait-pleiotropy-unequal-S	highly-polygenic	SS-Clines	N-cline-center-to-edge_m-constant	2	1	3	3	0.1262	0.0191	0.9166	24912	3042	383	383	383	0.4009	ssclines_b4	ssclines_ncline_ctredge
1231954	primary_ssclines	MVP1231954	oliogenic_2-trait-no-pleiotropy-unequal-S	oliogenic	SS-Clines	N-cline-center-to-edge_m-constant	2	0	3	3	0.1262	0.0666	0.8796	24814	11	9	6	3	0.3867	ssclines_b4	ssclines_ncline_ctredge
1231429	primary_ssclines	MVP1231429	mod-polygenic_2-trait-no-pleiotropy-unequal-S	mod-polygenic	SS-Clines	N-cline-center-to-edge_m-constant	2	0	3	3	0.1261	3e-04	0.9572	24463	840	75	54	21	0.412	ssclines_b4	ssclines_ncline_ctredge
1232509	primary_ssclines	MVP1232509	highly-polygenic_2-trait-pleiotropy-unequal-S	highly-polygenic	SS-Clines	N-cline-center-to-edge_m-constant	2	1	3	3	0.1261	0.0332	0.9146	25125	2945	371	371	371	0.4072	ssclines_b4	ssclines_ncline_ctredge
1233304	primary_ssclines	MVP1233304	oliogenic_2-trait-no-pleiotropy-unequal-S	oliogenic	SS-Clines	N-cline-center-to-edge_m-constant	2	0	3	3	0.1261	0.0221	0.9286	24465	10	5	2	3	0.3729	ssclines_b4	ssclines_ncline_ctredge
1232855	primary_ssclines	MVP1232855	oliogenic_2-trait-no-pleiotropy-unequal-S	oliogenic	SS-Clines	N-cline-N-to-S_m-constant	2	0	4	4	0.1259	0.8467	0.0417	25840	12	6	2	4	0.3937	ssclines_b2	ssclines_ncline_ns
1231684	primary_ssclines	MVP1231684	mod-polygenic_2-trait-pleiotropy-unequal-S	mod-polygenic	SS-Clines	N-cline-center-to-edge_m-constant	2	1	3	3	0.1259	0.0406	0.9057	24496	606	29	29	29	0.4038	ssclines_b4	ssclines_ncline_ctredge
1231279	primary_ssclines	MVP1231279	oliogenic_2-trait-no-pleiotropy-unequal-S	oliogenic	SS-Clines	N-cline-center-to-edge_m-constant	2	0	3	3	0.1258	0.4749	0.4698	24798	15	7	3	4	0.4013	ssclines_b4	ssclines_ncline_ctredge
1232764	primary_ssclines	MVP1232764	mod-polygenic_2-trait-no-pleiotropy-equal-S	mod-polygenic	SS-Clines	N-cline-center-to-edge_m-constant	2	0	3	3	0.1258	0.1023	0.8477	24684	653	54	27	27	0.5674	ssclines_b4	ssclines_ncline_ctredge
1232735	primary_ssclines	MVP1232735	highly-polygenic_2-trait-pleiotropy-unequal-S	highly-polygenic	SS-Clines	N-cline-N-to-S_m-constant	2	1	2	2	0.1257	0.1942	0.538	25344	3230	419	419	419	0.3987	ssclines_b2	ssclines_ncline_ns
1231790	primary_ssclines	MVP1231790	highly-polygenic_2-trait-no-pleiotropy-equal-S	highly-polygenic	SS-Clines	N-cline-N-to-S_m-constant	2	0	2	2	0.1256	0.8155	0.0641	25793	3392	485	244	240	0.5618	ssclines_b2	ssclines_ncline_ns
1232660	primary_ssclines	MVP1232660	oliogenic_2-trait-pleiotropy-unequal-S	oliogenic	SS-Clines	N-cline-N-to-S_m-constant	2	1	4	4	0.1256	0.9215	5e-04	25428	10	6	6	6	0.3931	ssclines_b2	ssclines_ncline_ns
1232585	primary_ssclines	MVP1232585	mod-polygenic_2-trait-pleiotropy-unequal-S	mod-polygenic	SS-Clines	N-cline-N-to-S_m-constant	2	1	4	4	0.1255	0.642	0.1972	25825	594	42	42	42	0.3987	ssclines_b2	ssclines_ncline_ns
1231114	primary_ssclines	MVP1231114	highly-polygenic_2-trait-no-pleiotropy-equal-S	highly-polygenic	SS-Clines	N-cline-center-to-edge_m-constant	2	0	3	3	0.1254	0.9393	0.0146	24848	3152	448	233	215	0.5659	ssclines_b4	ssclines_ncline_ctredge
1231265	primary_ssclines	MVP1231265	oliogenic_2-trait-no-pleiotropy-equal-S	oliogenic	SS-Clines	N-cline-N-to-S_m-constant	2	0	2	2	0.1252	0.8729	0.0355	25316	13	8	5	3	0.5577	ssclines_b2	ssclines_ncline_ns
1231370	primary_ssclines	MVP1231370	highly-polygenic_2-trait-pleiotropy-equal-S	highly-polygenic	SS-Clines	N-cline-N-to-S_m-constant	2	1	2	2	0.1252	0.8593	0.0515	25981	3082	341	341	341	0.5614	ssclines_b2	ssclines_ncline_ns
1231820	primary_ssclines	MVP1231820	highly-polygenic_2-trait-pleiotropy-equal-S	highly-polygenic	SS-Clines	N-cline-N-to-S_m-constant	2	1	2	2	0.1252	0.8989	0.0218	25937	3071	352	351	351	0.5573	ssclines_b2	ssclines_ncline_ns
1232345	primary_ssclines	MVP1232345	mod-polygenic_2-trait-pleiotropy-equal-S	mod-polygenic	SS-Clines	N-cline-N-to-S_m-constant	2	1	4	4	0.1252	0.925	0.0022	25711	493	28	28	28	0.5659	ssclines_b2	ssclines_ncline_ns
1231280	primary_ssclines	MVP1231280	oliogenic_2-trait-no-pleiotropy-unequal-S	oliogenic	SS-Clines	N-cline-N-to-S_m-constant	2	0	2	2	0.1251	1e-04	0.6479	25750	14	7	4	3	0.398	ssclines_b2	ssclines_ncline_ns
1231159	primary_ssclines	MVP1231159	highly-polygenic_2-trait-pleiotropy-unequal-S	highly-polygenic	SS-Clines	N-cline-center-to-edge_m-constant	2	1	3	3	0.1251	0.0473	0.9095	25421	3074	403	403	403	0.4011	ssclines_b4	ssclines_ncline_ctredge
1231654	primary_ssclines	MVP1231654	mod-polygenic_2-trait-no-pleiotropy-unequal-S	mod-polygenic	SS-Clines	N-cline-center-to-edge_m-constant	2	0	3	3	0.125	0.0626	0.8922	24623	810	75	46	29	0.4026	ssclines_b4	ssclines_ncline_ctredge
1231160	primary_ssclines	MVP1231160	highly-polygenic_2-trait-pleiotropy-unequal-S	highly-polygenic	SS-Clines	N-cline-N-to-S_m-constant	2	1	2	2	0.1249	0.6902	0.1569	25904	3366	441	441	441	0.403	ssclines_b2	ssclines_ncline_ns
1232659	primary_ssclines	MVP1232659	oliogenic_2-trait-pleiotropy-unequal-S	oliogenic	SS-Clines	N-cline-center-to-edge_m-constant	2	1	3	3	0.1249	0.0015	0.9329	24913	6	5	5	5	0.3937	ssclines_b4	ssclines_ncline_ctredge
1232854	primary_ssclines	MVP1232854	oliogenic_2-trait-no-pleiotropy-unequal-S	oliogenic	SS-Clines	N-cline-center-to-edge_m-constant	2	0	3	3	0.1247	8e-04	0.9481	24722	13	6	2	4	0.3194	ssclines_b4	ssclines_ncline_ctredge
1231504	primary_ssclines	MVP1231504	oliogenic_2-trait-no-pleiotropy-unequal-S	oliogenic	SS-Clines	N-cline-center-to-edge_m-constant	2	0	3	3	0.1246	0.1241	0.8248	24204	16	8	4	4	0.3761	ssclines_b4	ssclines_ncline_ctredge
1232704	primary_ssclines	MVP1232704	highly-polygenic_2-trait-no-pleiotropy-unequal-S	highly-polygenic	SS-Clines	N-cline-center-to-edge_m-constant	2	0	3	3	0.1246	0.0842	0.8552	25189	3154	443	245	198	0.4033	ssclines_b4	ssclines_ncline_ctredge
1233229	primary_ssclines	MVP1233229	mod-polygenic_2-trait-no-pleiotropy-unequal-S	mod-polygenic	SS-Clines	N-cline-center-to-edge_m-constant	2	0	3	3	0.1246	0.004	0.9491	24754	841	68	34	34	0.4001	ssclines_b4	ssclines_ncline_ctredge
1233020	primary_ssclines	MVP1233020	mod-polygenic_2-trait-pleiotropy-equal-S	mod-polygenic	SS-Clines	N-cline-N-to-S_m-constant	2	1	2	2	0.1245	0.922	0.003	25703	490	29	29	29	0.5563	ssclines_b2	ssclines_ncline_ns
1233154	primary_ssclines	MVP1233154	highly-polygenic_2-trait-no-pleiotropy-unequal-S	highly-polygenic	SS-Clines	N-cline-center-to-edge_m-constant	2	0	3	3	0.1245	0.1015	0.8319	24701	3086	437	227	210	0.4064	ssclines_b4	ssclines_ncline_ctredge
1231909	primary_ssclines	MVP1231909	mod-polygenic_2-trait-pleiotropy-unequal-S	mod-polygenic	SS-Clines	N-cline-center-to-edge_m-constant	2	1	3	3	0.1244	0.0493	0.8994	24295	599	29	29	29	0.4025	ssclines_b4	ssclines_ncline_ctredge
1232705	primary_ssclines	MVP1232705	highly-polygenic_2-trait-no-pleiotropy-unequal-S	highly-polygenic	SS-Clines	N-cline-N-to-S_m-constant	2	0	4	4	0.1243	0.6634	0.2039	25967	3283	479	264	215	0.4049	ssclines_b2	ssclines_ncline_ns
1231804	primary_ssclines	MVP1231804	highly-polygenic_2-trait-no-pleiotropy-unequal-S	highly-polygenic	SS-Clines	N-cline-center-to-edge_m-constant	2	0	3	3	0.1243	0.0595	0.8749	25026	3215	460	248	212	0.404	ssclines_b4	ssclines_ncline_ctredge
1231880	primary_ssclines	MVP1231880	mod-polygenic_2-trait-no-pleiotropy-unequal-S	mod-polygenic	SS-Clines	N-cline-N-to-S_m-constant	2	0	2	2	0.1242	0.5197	0.2804	25483	881	76	48	28	0.4043	ssclines_b2	ssclines_ncline_ns
1232315	primary_ssclines	MVP1232315	mod-polygenic_2-trait-no-pleiotropy-equal-S	mod-polygenic	SS-Clines	N-cline-N-to-S_m-constant	2	0	4	4	0.1241	0.8812	0.0419	25776	737	74	40	34	0.5697	ssclines_b2	ssclines_ncline_ns
1231130	primary_ssclines	MVP1231130	highly-polygenic_2-trait-no-pleiotropy-unequal-S	highly-polygenic	SS-Clines	N-cline-N-to-S_m-constant	2	0	2	2	0.124	0.8055	0.0779	26319	3373	540	298	242	0.4068	ssclines_b2	ssclines_ncline_ns
1231520	primary_ssclines	MVP1231520	oliogenic_2-trait-pleiotropy-equal-S	oliogenic	SS-Clines	N-cline-N-to-S_m-constant	2	1	2	2	0.124	0.8541	0.0416	25079	11	10	10	10	0.553	ssclines_b2	ssclines_ncline_ns
1232284	primary_ssclines	MVP1232284	highly-polygenic_2-trait-pleiotropy-unequal-S	highly-polygenic	SS-Clines	N-cline-center-to-edge_m-constant	2	1	3	3	0.124	0.0204	0.9097	24798	3075	385	385	385	0.4054	ssclines_b4	ssclines_ncline_ctredge
1233139	primary_ssclines	MVP1233139	highly-polygenic_2-trait-no-pleiotropy-equal-S	highly-polygenic	SS-Clines	N-cline-center-to-edge_m-constant	2	0	3	3	0.124	0.5972	0.3403	24637	2998	430	204	226	0.5722	ssclines_b4	ssclines_ncline_ctredge
1232135	primary_ssclines	MVP1232135	mod-polygenic_2-trait-pleiotropy-unequal-S	mod-polygenic	SS-Clines	N-cline-N-to-S_m-constant	2	1	4	4	0.1239	0.2246	0.5404	25481	592	28	28	28	0.3941	ssclines_b2	ssclines_ncline_ns
1232330	primary_ssclines	MVP1232330	mod-polygenic_2-trait-no-pleiotropy-unequal-S	mod-polygenic	SS-Clines	N-cline-N-to-S_m-constant	2	0	2	2	0.1239	0.0156	0.6322	25896	966	80	48	32	0.4107	ssclines_b2	ssclines_ncline_ns
1233290	primary_ssclines	MVP1233290	oliogenic_2-trait-no-pleiotropy-equal-S	oliogenic	SS-Clines	N-cline-N-to-S_m-constant	2	0	2	2	0.1238	0.6712	0.1657	25475	11	9	5	4	0.5691	ssclines_b2	ssclines_ncline_ns
1231354	primary_ssclines	MVP1231354	highly-polygenic_2-trait-no-pleiotropy-unequal-S	highly-polygenic	SS-Clines	N-cline-center-to-edge_m-constant	2	0	3	3	0.1238	0.0224	0.9227	25232	3177	470	260	210	0.4059	ssclines_b4	ssclines_ncline_ctredge
1232884	primary_ssclines	MVP1232884	oliogenic_2-trait-pleiotropy-unequal-S	oliogenic	SS-Clines	N-cline-center-to-edge_m-constant	2	1	3	3	0.1237	0.0046	0.9246	25330	10	4	4	4	0.3748	ssclines_b4	ssclines_ncline_ctredge
1231640	primary_ssclines	MVP1231640	mod-polygenic_2-trait-no-pleiotropy-equal-S	mod-polygenic	SS-Clines	N-cline-N-to-S_m-constant	2	0	2	2	0.1233	0.9122	0.015	26143	739	67	34	33	0.5612	ssclines_b2	ssclines_ncline_ns
1233110	primary_ssclines	MVP1233110	oliogenic_2-trait-pleiotropy-unequal-S	oliogenic	SS-Clines	N-cline-N-to-S_m-constant	2	1	2	2	0.1233	0.4301	0.3533	25650	12	6	6	6	0.3776	ssclines_b2	ssclines_ncline_ns
1232495	primary_ssclines	MVP1232495	highly-polygenic_2-trait-pleiotropy-equal-S	highly-polygenic	SS-Clines	N-cline-N-to-S_m-constant	2	1	2	2	0.1231	0.896	0.0218	25809	3036	347	346	346	0.5601	ssclines_b2	ssclines_ncline_ns
1232690	primary_ssclines	MVP1232690	highly-polygenic_2-trait-no-pleiotropy-equal-S	highly-polygenic	SS-Clines	N-cline-N-to-S_m-constant	2	0	2	2	0.1231	0.6385	0.2147	25945	3336	503	248	255	0.5578	ssclines_b2	ssclines_ncline_ns
1233080	primary_ssclines	MVP1233080	oliogenic_2-trait-no-pleiotropy-unequal-S	oliogenic	SS-Clines	N-cline-N-to-S_m-constant	2	0	4	4	0.123	0.1451	0.5809	25974	11	5	3	2	0.3738	ssclines_b2	ssclines_ncline_ns
1232030	primary_ssclines	MVP1232030	highly-polygenic_2-trait-no-pleiotropy-unequal-S	highly-polygenic	SS-Clines	N-cline-N-to-S_m-constant	2	0	2	2	0.1229	0.6262	0.2185	26033	3523	551	290	261	0.408	ssclines_b2	ssclines_ncline_ns
1232510	primary_ssclines	MVP1232510	highly-polygenic_2-trait-pleiotropy-unequal-S	highly-polygenic	SS-Clines	N-cline-N-to-S_m-constant	2	1	2	2	0.1229	0.1238	0.5776	26567	3300	432	431	431	0.4031	ssclines_b2	ssclines_ncline_ns
1231385	primary_ssclines	MVP1231385	highly-polygenic_2-trait-pleiotropy-unequal-S	highly-polygenic	SS-Clines	N-cline-N-to-S_m-constant	2	1	2	2	0.1228	0.8809	0.0302	25749	3288	444	443	443	0.3999	ssclines_b2	ssclines_ncline_ns
1231534	primary_ssclines	MVP1231534	oliogenic_2-trait-pleiotropy-unequal-S	oliogenic	SS-Clines	N-cline-center-to-edge_m-constant	2	1	3	3	0.1228	0.0287	0.9175	24278	6	5	5	5	0.3974	ssclines_b4	ssclines_ncline_ctredge
1231685	primary_ssclines	MVP1231685	mod-polygenic_2-trait-pleiotropy-unequal-S	mod-polygenic	SS-Clines	N-cline-N-to-S_m-constant	2	1	2	2	0.1226	0.0048	0.6617	25705	573	31	31	31	0.4044	ssclines_b2	ssclines_ncline_ns
1233305	primary_ssclines	MVP1233305	oliogenic_2-trait-no-pleiotropy-unequal-S	oliogenic	SS-Clines	N-cline-N-to-S_m-constant	2	0	2	2	0.1226	0.9227	0.0065	25402	14	6	2	4	0.3909	ssclines_b2	ssclines_ncline_ns
1231355	primary_ssclines	MVP1231355	highly-polygenic_2-trait-no-pleiotropy-unequal-S	highly-polygenic	SS-Clines	N-cline-N-to-S_m-constant	2	0	4	4	0.1225	0.8277	0.0651	25984	3491	521	281	240	0.3959	ssclines_b2	ssclines_ncline_ns
1232584	primary_ssclines	MVP1232584	mod-polygenic_2-trait-pleiotropy-unequal-S	mod-polygenic	SS-Clines	N-cline-center-to-edge_m-constant	2	1	3	3	0.1223	0.0525	0.8871	24633	567	17	17	17	0.3953	ssclines_b4	ssclines_ncline_ctredge
1232780	primary_ssclines	MVP1232780	mod-polygenic_2-trait-no-pleiotropy-unequal-S	mod-polygenic	SS-Clines	N-cline-N-to-S_m-constant	2	0	2	2	0.122	0.4771	0.3301	26407	901	86	53	33	0.4044	ssclines_b2	ssclines_ncline_ns
1231129	primary_ssclines	MVP1231129	highly-polygenic_2-trait-no-pleiotropy-unequal-S	highly-polygenic	SS-Clines	N-cline-center-to-edge_m-constant	2	0	3	3	0.122	0.0114	0.9388	24894	3203	502	278	224	0.4031	ssclines_b4	ssclines_ncline_ctredge
1231460	primary_ssclines	MVP1231460	mod-polygenic_2-trait-pleiotropy-unequal-S	mod-polygenic	SS-Clines	N-cline-N-to-S_m-constant	2	1	2	2	0.1218	0.0029	0.6874	25407	663	35	35	35	0.3989	ssclines_b2	ssclines_ncline_ns
1231984	primary_ssclines	MVP1231984	oliogenic_2-trait-pleiotropy-unequal-S	oliogenic	SS-Clines	N-cline-center-to-edge_m-constant	2	1	3	3	0.1217	0.2271	0.7087	24547	7	3	3	3	0.3164	ssclines_b4	ssclines_ncline_ctredge
1232254	primary_ssclines	MVP1232254	highly-polygenic_2-trait-no-pleiotropy-unequal-S	highly-polygenic	SS-Clines	N-cline-center-to-edge_m-constant	2	0	3	3	0.1217	0.1171	0.8381	25058	3256	476	260	216	0.4069	ssclines_b4	ssclines_ncline_ctredge
1232540	primary_ssclines	MVP1232540	mod-polygenic_2-trait-no-pleiotropy-equal-S	mod-polygenic	SS-Clines	N-cline-N-to-S_m-constant	2	0	2	2	0.1214	0.7732	0.0969	25457	719	59	28	31	0.5702	ssclines_b2	ssclines_ncline_ns
1232285	primary_ssclines	MVP1232285	highly-polygenic_2-trait-pleiotropy-unequal-S	highly-polygenic	SS-Clines	N-cline-N-to-S_m-constant	2	1	2	2	0.1212	0.8109	0.0824	26288	3247	462	462	462	0.3956	ssclines_b2	ssclines_ncline_ns
1233155	primary_ssclines	MVP1233155	highly-polygenic_2-trait-no-pleiotropy-unequal-S	highly-polygenic	SS-Clines	N-cline-N-to-S_m-constant	2	0	2	2	0.1212	0.8216	0.0823	26324	3486	536	299	237	0.4017	ssclines_b2	ssclines_ncline_ns
1232179	primary_ssclines	MVP1232179	oliogenic_2-trait-no-pleiotropy-unequal-S	oliogenic	SS-Clines	N-cline-center-to-edge_m-constant	2	0	3	3	0.1212	0.045	0.8968	24398	10	5	3	2	0.3854	ssclines_b4	ssclines_ncline_ctredge
1231610	primary_ssclines	MVP1231610	highly-polygenic_2-trait-pleiotropy-unequal-S	highly-polygenic	SS-Clines	N-cline-N-to-S_m-constant	2	1	2	2	0.1211	0.6973	0.1501	26075	3209	411	410	410	0.404	ssclines_b2	ssclines_ncline_ns
1232360	primary_ssclines	MVP1232360	mod-polygenic_2-trait-pleiotropy-unequal-S	mod-polygenic	SS-Clines	N-cline-N-to-S_m-constant	2	1	2	2	0.1211	0.7602	0.1073	25565	571	26	26	26	0.3954	ssclines_b2	ssclines_ncline_ns
1231310	primary_ssclines	MVP1231310	oliogenic_2-trait-pleiotropy-unequal-S	oliogenic	SS-Clines	N-cline-N-to-S_m-constant	2	1	4	4	0.121	0.3391	0.4186	25608	8	7	7	7	0.3879	ssclines_b2	ssclines_ncline_ns
1232045	primary_ssclines	MVP1232045	highly-polygenic_2-trait-pleiotropy-equal-S	highly-polygenic	SS-Clines	N-cline-N-to-S_m-constant	2	1	2	2	0.1209	0.8991	0.0164	25716	2929	328	328	328	0.5577	ssclines_b2	ssclines_ncline_ns
1231204	primary_ssclines	MVP1231204	mod-polygenic_2-trait-no-pleiotropy-unequal-S	mod-polygenic	SS-Clines	N-cline-center-to-edge_m-constant	2	0	3	3	0.1208	0.0082	0.9228	24985	860	67	36	31	0.4041	ssclines_b4	ssclines_ncline_ctredge
1231985	primary_ssclines	MVP1231985	oliogenic_2-trait-pleiotropy-unequal-S	oliogenic	SS-Clines	N-cline-N-to-S_m-constant	2	1	2	2	0.1207	0.7973	0.0924	25341	9	4	4	4	0.401	ssclines_b2	ssclines_ncline_ns
1233185	primary_ssclines	MVP1233185	highly-polygenic_2-trait-pleiotropy-unequal-S	highly-polygenic	SS-Clines	N-cline-N-to-S_m-constant	2	1	2	2	0.1207	0.7052	0.1563	25865	3201	402	402	402	0.3959	ssclines_b2	ssclines_ncline_ns
1232405	primary_ssclines	MVP1232405	oliogenic_2-trait-no-pleiotropy-unequal-S	oliogenic	SS-Clines	N-cline-N-to-S_m-constant	2	0	4	4	0.1206	0.2328	0.5021	25052	15	9	3	6	0.3322	ssclines_b2	ssclines_ncline_ns
1233334	primary_ssclines	MVP1233334	oliogenic_2-trait-pleiotropy-unequal-S	oliogenic	SS-Clines	N-cline-center-to-edge_m-constant	2	1	3	3	0.1205	0.0027	0.9533	24856	9	4	4	4	0.361	ssclines_b4	ssclines_ncline_ctredge
1231430	primary_ssclines	MVP1231430	mod-polygenic_2-trait-no-pleiotropy-unequal-S	mod-polygenic	SS-Clines	N-cline-N-to-S_m-constant	2	0	2	2	0.1203	0.1639	0.5677	25616	908	93	58	35	0.4015	ssclines_b2	ssclines_ncline_ns
1232435	primary_ssclines	MVP1232435	oliogenic_2-trait-pleiotropy-unequal-S	oliogenic	SS-Clines	N-cline-N-to-S_m-constant	2	1	2	2	0.1203	0.911	0.0012	25494	8	5	5	5	0.3743	ssclines_b2	ssclines_ncline_ns
1232959	primary_ssclines	MVP1232959	highly-polygenic_2-trait-pleiotropy-unequal-S	highly-polygenic	SS-Clines	N-cline-center-to-edge_m-constant	2	1	3	3	0.1203	0.071	0.8771	24676	2964	388	388	388	0.4013	ssclines_b4	ssclines_ncline_ctredge
1231205	primary_ssclines	MVP1231205	mod-polygenic_2-trait-no-pleiotropy-unequal-S	mod-polygenic	SS-Clines	N-cline-N-to-S_m-constant	2	0	4	4	0.1202	0.3875	0.379	25776	876	90	54	36	0.4012	ssclines_b2	ssclines_ncline_ns
1231595	primary_ssclines	MVP1231595	highly-polygenic_2-trait-pleiotropy-equal-S	highly-polygenic	SS-Clines	N-cline-N-to-S_m-constant	2	1	2	2	0.1202	0.8929	0.0288	25815	2978	348	348	348	0.5645	ssclines_b2	ssclines_ncline_ns
1232885	primary_ssclines	MVP1232885	oliogenic_2-trait-pleiotropy-unequal-S	oliogenic	SS-Clines	N-cline-N-to-S_m-constant	2	1	4	4	0.1202	0.5305	0.3024	25502	10	6	6	6	0.3737	ssclines_b2	ssclines_ncline_ns
1231879	primary_ssclines	MVP1231879	mod-polygenic_2-trait-no-pleiotropy-unequal-S	mod-polygenic	SS-Clines	N-cline-center-to-edge_m-constant	2	0	3	3	0.1201	0.098	0.8551	24802	843	74	41	33	0.3977	ssclines_b4	ssclines_ncline_ctredge
1233335	primary_ssclines	MVP1233335	oliogenic_2-trait-pleiotropy-unequal-S	oliogenic	SS-Clines	N-cline-N-to-S_m-constant	2	1	2	2	0.12	0.1371	0.5902	25221	6	6	6	6	0.4008	ssclines_b2	ssclines_ncline_ns
1233259	primary_ssclines	MVP1233259	mod-polygenic_2-trait-pleiotropy-unequal-S	mod-polygenic	SS-Clines	N-cline-center-to-edge_m-constant	2	1	3	3	0.1199	0.3239	0.6026	25027	570	30	30	30	0.3992	ssclines_b4	ssclines_ncline_ctredge
1233230	primary_ssclines	MVP1233230	mod-polygenic_2-trait-no-pleiotropy-unequal-S	mod-polygenic	SS-Clines	N-cline-N-to-S_m-constant	2	0	2	2	0.1194	0.9029	0.0112	25547	907	74	46	28	0.4031	ssclines_b2	ssclines_ncline_ns
1232180	primary_ssclines	MVP1232180	oliogenic_2-trait-no-pleiotropy-unequal-S	oliogenic	SS-Clines	N-cline-N-to-S_m-constant	2	0	2	2	0.1192	0.846	0.0336	25134	13	7	3	4	0.409	ssclines_b2	ssclines_ncline_ns
1231834	primary_ssclines	MVP1231834	highly-polygenic_2-trait-pleiotropy-unequal-S	highly-polygenic	SS-Clines	N-cline-center-to-edge_m-constant	2	1	3	3	0.1188	0.2264	0.7342	25069	2954	376	376	376	0.4085	ssclines_b4	ssclines_ncline_ctredge
1232060	primary_ssclines	MVP1232060	highly-polygenic_2-trait-pleiotropy-unequal-S	highly-polygenic	SS-Clines	N-cline-N-to-S_m-constant	2	1	2	2	0.1185	0.3277	0.4397	25448	3306	397	397	397	0.4	ssclines_b2	ssclines_ncline_ns
1232255	primary_ssclines	MVP1232255	highly-polygenic_2-trait-no-pleiotropy-unequal-S	highly-polygenic	SS-Clines	N-cline-N-to-S_m-constant	2	0	2	2	0.1185	0.7999	0.1062	25977	3491	547	303	244	0.401	ssclines_b2	ssclines_ncline_ns
1231760	primary_ssclines	MVP1231760	oliogenic_2-trait-pleiotropy-unequal-S	oliogenic	SS-Clines	N-cline-N-to-S_m-constant	2	1	2	2	0.1184	0.6107	0.2211	25063	6	6	6	6	0.4031	ssclines_b2	ssclines_ncline_ns
1231579	primary_ssclines	MVP1231579	highly-polygenic_2-trait-no-pleiotropy-unequal-S	highly-polygenic	SS-Clines	N-cline-center-to-edge_m-constant	2	0	3	3	0.1184	0.1712	0.783	25365	3302	520	278	242	0.4065	ssclines_b4	ssclines_ncline_ctredge
1233035	primary_ssclines	MVP1233035	mod-polygenic_2-trait-pleiotropy-unequal-S	mod-polygenic	SS-Clines	N-cline-N-to-S_m-constant	2	1	2	2	0.1183	0.682	0.157	25315	637	34	34	34	0.4068	ssclines_b2	ssclines_ncline_ns
1231655	primary_ssclines	MVP1231655	mod-polygenic_2-trait-no-pleiotropy-unequal-S	mod-polygenic	SS-Clines	N-cline-N-to-S_m-constant	2	0	4	4	0.1182	0.7298	0.1419	25404	884	78	49	29	0.4002	ssclines_b2	ssclines_ncline_ns
1233188	primary_ssclines	MVP1233188	highly-polygenic_2-trait-pleiotropy-unequal-S	highly-polygenic	SS-Clines	N-variable_m-variable	2	1	2	2	0.1178	0.055	0.8396	12711	2257	370	370	370	0.3988	ssclines_b1	ssclines_nvar_mvar
1232209	primary_ssclines	MVP1232209	oliogenic_2-trait-pleiotropy-unequal-S	oliogenic	SS-Clines	N-cline-center-to-edge_m-constant	2	1	3	3	0.1177	0.0034	0.9472	25014	7	3	3	3	0.3218	ssclines_b4	ssclines_ncline_ctredge
1232480	primary_ssclines	MVP1232480	highly-polygenic_2-trait-no-pleiotropy-unequal-S	highly-polygenic	SS-Clines	N-cline-N-to-S_m-constant	2	0	2	2	0.1175	0.5683	0.2707	25828	3500	521	292	229	0.3999	ssclines_b2	ssclines_ncline_ns
1232105	primary_ssclines	MVP1232105	mod-polygenic_2-trait-no-pleiotropy-unequal-S	mod-polygenic	SS-Clines	N-cline-N-to-S_m-constant	2	0	2	2	0.1173	0.6927	0.1642	25334	871	77	49	28	0.4021	ssclines_b2	ssclines_ncline_ns
1232915	primary_ssclines	MVP1232915	highly-polygenic_2-trait-no-pleiotropy-equal-S	highly-polygenic	SS-Clines	N-cline-N-to-S_m-constant	2	0	2	2	0.1173	0.9223	0.0072	26221	3361	498	254	244	0.5641	ssclines_b2	ssclines_ncline_ns
1231958	primary_ssclines	MVP1231958	oliogenic_2-trait-no-pleiotropy-unequal-S	oliogenic	SS-Clines	N-variable_m-variable	2	0	7	7	0.117	0.6813	0.0502	11252	12	6	3	3	0.3912	ssclines_b1	ssclines_nvar_mvar
1231745	primary_ssclines	MVP1231745	oliogenic_2-trait-pleiotropy-equal-S	oliogenic	SS-Clines	N-cline-N-to-S_m-constant	2	1	2	2	0.1167	0.9317	0.004	25550	9	6	6	6	0.5393	ssclines_b2	ssclines_ncline_ns
1231838	primary_ssclines	MVP1231838	highly-polygenic_2-trait-pleiotropy-unequal-S	highly-polygenic	SS-Clines	N-variable_m-variable	2	1	3	3	0.1162	0.0492	0.8436	11932	2464	367	367	367	0.3912	ssclines_b1	ssclines_nvar_mvar
1231835	primary_ssclines	MVP1231835	highly-polygenic_2-trait-pleiotropy-unequal-S	highly-polygenic	SS-Clines	N-cline-N-to-S_m-constant	2	1	4	4	0.1148	0.811	0.0778	26052	3342	443	443	443	0.3959	ssclines_b2	ssclines_ncline_ns
1232930	primary_ssclines	MVP1232930	highly-polygenic_2-trait-no-pleiotropy-unequal-S	highly-polygenic	SS-Clines	N-cline-N-to-S_m-constant	2	0	2	2	0.1147	0.4051	0.3975	26473	3485	542	293	246	0.4025	ssclines_b2	ssclines_ncline_ns
1231805	primary_ssclines	MVP1231805	highly-polygenic_2-trait-no-pleiotropy-unequal-S	highly-polygenic	SS-Clines	N-cline-N-to-S_m-constant	2	0	2	2	0.1143	0.5757	0.2581	25406	3592	514	249	265	0.396	ssclines_b2	ssclines_ncline_ns
1231235	primary_ssclines	MVP1231235	mod-polygenic_2-trait-pleiotropy-unequal-S	mod-polygenic	SS-Clines	N-cline-N-to-S_m-constant	2	1	2	2	0.114	0.838	0.0596	25884	610	36	36	36	0.3933	ssclines_b2	ssclines_ncline_ns
1231568	primary_ssclines	MVP1231568	highly-polygenic_2-trait-no-pleiotropy-equal-S	highly-polygenic	SS-Clines	N-variable_m-variable	2	0	2	2	0.1105	0.3766	0.5353	12937	2479	427	201	225	0.561	ssclines_b1	ssclines_nvar_mvar
1232421	primary_ssclines	MVP1232421	oliogenic_2-trait-pleiotropy-equal-S	oliogenic	SS-Clines	N-equal_m_breaks	2	1	4	4	0.0928	0.9182	0.0031	31460	14	9	9	9	0.5398	ssclines_b5	ssclines_nequal_mbreaks
1232166	primary_ssclines	MVP1232166	oliogenic_2-trait-no-pleiotropy-equal-S	oliogenic	SS-Clines	N-equal_m_breaks	2	0	4	4	0.0907	0.9337	6e-04	31187	13	10	4	6	0.5567	ssclines_b5	ssclines_nequal_mbreaks
1232616	primary_ssclines	MVP1232616	oliogenic_2-trait-no-pleiotropy-equal-S	oliogenic	SS-Clines	N-equal_m_breaks	2	0	4	4	0.0904	0.9478	1e-04	31211	19	14	7	7	0.5517	ssclines_b5	ssclines_nequal_mbreaks
1231746	primary_ssclines	MVP1231746	oliogenic_2-trait-pleiotropy-equal-S	oliogenic	SS-Clines	N-equal_m_breaks	2	1	5	5	0.0902	0.9314	1e-04	31407	12	8	8	8	0.564	ssclines_b5	ssclines_nequal_mbreaks
1231491	primary_ssclines	MVP1231491	oliogenic_2-trait-no-pleiotropy-equal-S	oliogenic	SS-Clines	N-equal_m_breaks	2	0	4	4	0.0894	0.9503	1e-04	31108	14	9	6	3	0.5692	ssclines_b5	ssclines_nequal_mbreaks
1231971	primary_ssclines	MVP1231971	oliogenic_2-trait-pleiotropy-equal-S	oliogenic	SS-Clines	N-equal_m_breaks	2	1	5	5	0.0886	0.9271	0.0029	31460	9	8	8	8	0.5507	ssclines_b5	ssclines_nequal_mbreaks
1231296	primary_ssclines	MVP1231296	oliogenic_2-trait-pleiotropy-equal-S	oliogenic	SS-Clines	N-equal_m_breaks	2	1	1	2	0.0885	0.9398	0	31355	10	7	7	7	0.573	ssclines_b5	ssclines_nequal_mbreaks
1232391	primary_ssclines	MVP1232391	oliogenic_2-trait-no-pleiotropy-equal-S	oliogenic	SS-Clines	N-equal_m_breaks	2	0	5	5	0.0883	0.9362	8e-04	31765	14	9	4	5	0.5776	ssclines_b5	ssclines_nequal_mbreaks
1231221	primary_ssclines	MVP1231221	mod-polygenic_2-trait-pleiotropy-equal-S	mod-polygenic	SS-Clines	N-equal_m_breaks	2	1	5	5	0.0881	0.9433	0	31504	496	32	32	32	0.5714	ssclines_b5	ssclines_nequal_mbreaks
1231521	primary_ssclines	MVP1231521	oliogenic_2-trait-pleiotropy-equal-S	oliogenic	SS-Clines	N-equal_m_breaks	2	1	5	5	0.0878	0.9246	0.0146	31056	10	7	7	7	0.5507	ssclines_b5	ssclines_nequal_mbreaks
1232121	primary_ssclines	MVP1232121	mod-polygenic_2-trait-pleiotropy-equal-S	mod-polygenic	SS-Clines	N-equal_m_breaks	2	1	4	4	0.0878	0.9426	1e-04	31390	448	28	28	28	0.5786	ssclines_b5	ssclines_nequal_mbreaks
1232316	primary_ssclines	MVP1232316	mod-polygenic_2-trait-no-pleiotropy-equal-S	mod-polygenic	SS-Clines	N-equal_m_breaks	2	0	5	5	0.0877	0.9418	0	31360	761	83	42	41	0.576	ssclines_b5	ssclines_nequal_mbreaks
1232646	primary_ssclines	MVP1232646	oliogenic_2-trait-pleiotropy-equal-S	oliogenic	SS-Clines	N-equal_m_breaks	2	1	1	2	0.0876	0.9426	0	31125	12	8	8	8	0.5443	ssclines_b5	ssclines_nequal_mbreaks
1231941	primary_ssclines	MVP1231941	oliogenic_2-trait-no-pleiotropy-equal-S	oliogenic	SS-Clines	N-equal_m_breaks	2	0	5	5	0.0875	0.9392	8e-04	31648	11	8	4	4	0.5784	ssclines_b5	ssclines_nequal_mbreaks
1232541	primary_ssclines	MVP1232541	mod-polygenic_2-trait-no-pleiotropy-equal-S	mod-polygenic	SS-Clines	N-equal_m_breaks	2	0	5	5	0.0875	0.9461	0.0013	31116	788	83	34	49	0.5766	ssclines_b5	ssclines_nequal_mbreaks
1232796	primary_ssclines	MVP1232796	mod-polygenic_2-trait-pleiotropy-equal-S	mod-polygenic	SS-Clines	N-equal_m_breaks	2	1	5	5	0.0874	0.9479	9e-04	31415	516	33	33	33	0.5745	ssclines_b5	ssclines_nequal_mbreaks
1231266	primary_ssclines	MVP1231266	oliogenic_2-trait-no-pleiotropy-equal-S	oliogenic	SS-Clines	N-equal_m_breaks	2	0	1	2	0.0873	0.943	0	31601	16	9	6	3	0.5625	ssclines_b5	ssclines_nequal_mbreaks
1231416	primary_ssclines	MVP1231416	mod-polygenic_2-trait-no-pleiotropy-equal-S	mod-polygenic	SS-Clines	N-equal_m_breaks	2	0	5	5	0.0873	0.9429	2e-04	31555	774	78	31	47	0.5739	ssclines_b5	ssclines_nequal_mbreaks
1233021	primary_ssclines	MVP1233021	mod-polygenic_2-trait-pleiotropy-equal-S	mod-polygenic	SS-Clines	N-equal_m_breaks	2	1	5	5	0.0873	0.9398	0.0011	31464	489	30	30	30	0.5701	ssclines_b5	ssclines_nequal_mbreaks
1233246	primary_ssclines	MVP1233246	mod-polygenic_2-trait-pleiotropy-equal-S	mod-polygenic	SS-Clines	N-equal_m_breaks	2	1	5	5	0.087	0.9449	4e-04	31700	479	23	23	23	0.5783	ssclines_b5	ssclines_nequal_mbreaks
1231641	primary_ssclines	MVP1231641	mod-polygenic_2-trait-no-pleiotropy-equal-S	mod-polygenic	SS-Clines	N-equal_m_breaks	2	0	5	5	0.0869	0.9483	0	31759	764	78	36	42	0.5786	ssclines_b5	ssclines_nequal_mbreaks
1231671	primary_ssclines	MVP1231671	mod-polygenic_2-trait-pleiotropy-equal-S	mod-polygenic	SS-Clines	N-equal_m_breaks	2	1	5	5	0.0868	0.9467	0	31847	501	24	24	24	0.5759	ssclines_b5	ssclines_nequal_mbreaks
1232871	primary_ssclines	MVP1232871	oliogenic_2-trait-pleiotropy-equal-S	oliogenic	SS-Clines	N-equal_m_breaks	2	1	4	4	0.0868	0.9405	5e-04	31219	9	8	8	8	0.5403	ssclines_b5	ssclines_nequal_mbreaks
1233066	primary_ssclines	MVP1233066	oliogenic_2-trait-no-pleiotropy-equal-S	oliogenic	SS-Clines	N-equal_m_breaks	2	0	1	2	0.0867	0.9419	7e-04	31894	17	10	4	6	0.5672	ssclines_b5	ssclines_nequal_mbreaks
1231716	primary_ssclines	MVP1231716	oliogenic_2-trait-no-pleiotropy-equal-S	oliogenic	SS-Clines	N-equal_m_breaks	2	0	1	2	0.0866	0.9408	8e-04	31533	12	7	4	3	0.5693	ssclines_b5	ssclines_nequal_mbreaks
1231866	primary_ssclines	MVP1231866	mod-polygenic_2-trait-no-pleiotropy-equal-S	mod-polygenic	SS-Clines	N-equal_m_breaks	2	0	1	2	0.0866	0.9424	0.002	31530	766	86	43	43	0.575	ssclines_b5	ssclines_nequal_mbreaks
1232091	primary_ssclines	MVP1232091	mod-polygenic_2-trait-no-pleiotropy-equal-S	mod-polygenic	SS-Clines	N-equal_m_breaks	2	0	1	2	0.0866	0.9458	0	31816	752	94	46	47	0.5748	ssclines_b5	ssclines_nequal_mbreaks
1231191	primary_ssclines	MVP1231191	mod-polygenic_2-trait-no-pleiotropy-equal-S	mod-polygenic	SS-Clines	N-equal_m_breaks	2	0	5	5	0.0865	0.948	1e-04	31481	777	85	45	40	0.5757	ssclines_b5	ssclines_nequal_mbreaks
1232016	primary_ssclines	MVP1232016	highly-polygenic_2-trait-no-pleiotropy-equal-S	highly-polygenic	SS-Clines	N-equal_m_breaks	2	0	5	5	0.0858	0.9389	0	32236	3471	646	292	351	0.5718	ssclines_b5	ssclines_nequal_mbreaks
1232841	primary_ssclines	MVP1232841	oliogenic_2-trait-no-pleiotropy-equal-S	oliogenic	SS-Clines	N-equal_m_breaks	2	0	1	2	0.0856	0.9466	1e-04	31031	9	9	4	5	0.5654	ssclines_b5	ssclines_nequal_mbreaks
1232991	primary_ssclines	MVP1232991	mod-polygenic_2-trait-no-pleiotropy-equal-S	mod-polygenic	SS-Clines	N-equal_m_breaks	2	0	5	5	0.0856	0.9431	0	31729	699	86	35	51	0.5759	ssclines_b5	ssclines_nequal_mbreaks
1232571	primary_ssclines	MVP1232571	mod-polygenic_2-trait-pleiotropy-equal-S	mod-polygenic	SS-Clines	N-equal_m_breaks	2	1	5	5	0.0855	0.9478	2e-04	31504	467	29	29	29	0.5773	ssclines_b5	ssclines_nequal_mbreaks
1233096	primary_ssclines	MVP1233096	oliogenic_2-trait-pleiotropy-equal-S	oliogenic	SS-Clines	N-equal_m_breaks	2	1	1	2	0.0853	0.9442	1e-04	31337	13	7	7	7	0.5746	ssclines_b5	ssclines_nequal_mbreaks
1233291	primary_ssclines	MVP1233291	oliogenic_2-trait-no-pleiotropy-equal-S	oliogenic	SS-Clines	N-equal_m_breaks	2	0	4	4	0.0851	0.9419	1e-04	31165	16	9	4	5	0.5618	ssclines_b5	ssclines_nequal_mbreaks
1232196	primary_ssclines	MVP1232196	oliogenic_2-trait-pleiotropy-equal-S	oliogenic	SS-Clines	N-equal_m_breaks	2	1	1	2	0.0849	0.945	1e-04	31334	8	6	6	6	0.5364	ssclines_b5	ssclines_nequal_mbreaks
1231446	primary_ssclines	MVP1231446	mod-polygenic_2-trait-pleiotropy-equal-S	mod-polygenic	SS-Clines	N-equal_m_breaks	2	1	5	5	0.0848	0.9442	4e-04	31526	461	36	36	36	0.5786	ssclines_b5	ssclines_nequal_mbreaks
1232346	primary_ssclines	MVP1232346	mod-polygenic_2-trait-pleiotropy-equal-S	mod-polygenic	SS-Clines	N-equal_m_breaks	2	1	5	5	0.0846	0.9445	0	31474	507	27	27	27	0.5769	ssclines_b5	ssclines_nequal_mbreaks
1231566	primary_ssclines	MVP1231566	highly-polygenic_2-trait-no-pleiotropy-equal-S	highly-polygenic	SS-Clines	N-equal_m_breaks	2	0	4	4	0.0845	0.9451	2e-04	32256	3478	605	283	322	0.5705	ssclines_b5	ssclines_nequal_mbreaks
1232241	primary_ssclines	MVP1232241	highly-polygenic_2-trait-no-pleiotropy-equal-S	highly-polygenic	SS-Clines	N-equal_m_breaks	2	0	5	5	0.0843	0.9464	1e-04	32235	3473	635	286	349	0.5771	ssclines_b5	ssclines_nequal_mbreaks
1233141	primary_ssclines	MVP1233141	highly-polygenic_2-trait-no-pleiotropy-equal-S	highly-polygenic	SS-Clines	N-equal_m_breaks	2	0	5	5	0.0842	0.9424	1e-04	32216	3586	669	322	346	0.5723	ssclines_b5	ssclines_nequal_mbreaks
1231791	primary_ssclines	MVP1231791	highly-polygenic_2-trait-no-pleiotropy-equal-S	highly-polygenic	SS-Clines	N-equal_m_breaks	2	0	5	5	0.0841	0.9447	2e-04	32201	3387	598	292	305	0.5763	ssclines_b5	ssclines_nequal_mbreaks
1233216	primary_ssclines	MVP1233216	mod-polygenic_2-trait-no-pleiotropy-equal-S	mod-polygenic	SS-Clines	N-equal_m_breaks	2	0	5	5	0.084	0.9459	6e-04	31847	747	85	41	44	0.5745	ssclines_b5	ssclines_nequal_mbreaks
1233321	primary_ssclines	MVP1233321	oliogenic_2-trait-pleiotropy-equal-S	oliogenic	SS-Clines	N-equal_m_breaks	2	1	5	5	0.0838	0.9408	0.0017	31669	12	7	7	7	0.5461	ssclines_b5	ssclines_nequal_mbreaks
1232766	primary_ssclines	MVP1232766	mod-polygenic_2-trait-no-pleiotropy-equal-S	mod-polygenic	SS-Clines	N-equal_m_breaks	2	0	5	5	0.0837	0.9397	0.0025	31417	741	72	28	44	0.5761	ssclines_b5	ssclines_nequal_mbreaks
1231596	primary_ssclines	MVP1231596	highly-polygenic_2-trait-pleiotropy-equal-S	highly-polygenic	SS-Clines	N-equal_m_breaks	2	1	5	5	0.0833	0.945	1e-04	32120	3193	477	477	477	0.5749	ssclines_b5	ssclines_nequal_mbreaks
1232046	primary_ssclines	MVP1232046	highly-polygenic_2-trait-pleiotropy-equal-S	highly-polygenic	SS-Clines	N-equal_m_breaks	2	1	5	5	0.0833	0.9421	7e-04	32012	3200	480	480	480	0.5674	ssclines_b5	ssclines_nequal_mbreaks
1232916	primary_ssclines	MVP1232916	highly-polygenic_2-trait-no-pleiotropy-equal-S	highly-polygenic	SS-Clines	N-equal_m_breaks	2	0	5	5	0.0832	0.9424	1e-04	32284	3365	634	318	316	0.5771	ssclines_b5	ssclines_nequal_mbreaks
1232466	primary_ssclines	MVP1232466	highly-polygenic_2-trait-no-pleiotropy-equal-S	highly-polygenic	SS-Clines	N-equal_m_breaks	2	0	4	4	0.0831	0.9435	8e-04	32727	3443	634	302	332	0.5723	ssclines_b5	ssclines_nequal_mbreaks
1231506	primary_ssclines	MVP1231506	oliogenic_2-trait-no-pleiotropy-unequal-S	oliogenic	SS-Clines	N-equal_m_breaks	2	0	4	4	0.083	0.9355	3e-04	31467	14	8	4	4	0.3762	ssclines_b5	ssclines_nequal_mbreaks
1232271	primary_ssclines	MVP1232271	highly-polygenic_2-trait-pleiotropy-equal-S	highly-polygenic	SS-Clines	N-equal_m_breaks	2	1	4	4	0.083	0.9421	5e-04	31892	3245	454	454	454	0.5664	ssclines_b5	ssclines_nequal_mbreaks
1232406	primary_ssclines	MVP1232406	oliogenic_2-trait-no-pleiotropy-unequal-S	oliogenic	SS-Clines	N-equal_m_breaks	2	0	4	4	0.083	0.9404	0.0024	31751	14	9	4	5	0.398	ssclines_b5	ssclines_nequal_mbreaks
1232721	primary_ssclines	MVP1232721	highly-polygenic_2-trait-pleiotropy-equal-S	highly-polygenic	SS-Clines	N-equal_m_breaks	2	1	4	4	0.083	0.9434	0.0015	32049	3180	483	482	482	0.5674	ssclines_b5	ssclines_nequal_mbreaks
1232496	primary_ssclines	MVP1232496	highly-polygenic_2-trait-pleiotropy-equal-S	highly-polygenic	SS-Clines	N-equal_m_breaks	2	1	4	4	0.0829	0.9427	1e-04	31867	3165	500	500	500	0.5651	ssclines_b5	ssclines_nequal_mbreaks
1232106	primary_ssclines	MVP1232106	mod-polygenic_2-trait-no-pleiotropy-unequal-S	mod-polygenic	SS-Clines	N-equal_m_breaks	2	0	5	5	0.0828	0.9368	0	31592	907	104	63	40	0.4046	ssclines_b5	ssclines_nequal_mbreaks
1231371	primary_ssclines	MVP1231371	highly-polygenic_2-trait-pleiotropy-equal-S	highly-polygenic	SS-Clines	N-equal_m_breaks	2	1	5	5	0.0827	0.9433	7e-04	32339	3319	484	484	484	0.5697	ssclines_b5	ssclines_nequal_mbreaks
1231146	primary_ssclines	MVP1231146	highly-polygenic_2-trait-pleiotropy-equal-S	highly-polygenic	SS-Clines	N-equal_m_breaks	2	1	5	5	0.0825	0.9428	9e-04	31731	3210	452	450	450	0.57	ssclines_b5	ssclines_nequal_mbreaks
1231431	primary_ssclines	MVP1231431	mod-polygenic_2-trait-no-pleiotropy-unequal-S	mod-polygenic	SS-Clines	N-equal_m_breaks	2	0	4	4	0.0825	0.9404	1e-04	31534	904	106	59	47	0.4081	ssclines_b5	ssclines_nequal_mbreaks
1231341	primary_ssclines	MVP1231341	highly-polygenic_2-trait-no-pleiotropy-equal-S	highly-polygenic	SS-Clines	N-equal_m_breaks	2	0	4	4	0.0823	0.9403	0	32509	3487	630	290	338	0.5733	ssclines_b5	ssclines_nequal_mbreaks
1231821	primary_ssclines	MVP1231821	highly-polygenic_2-trait-pleiotropy-equal-S	highly-polygenic	SS-Clines	N-equal_m_breaks	2	1	4	4	0.0823	0.9315	0.0055	32165	3134	474	474	474	0.5691	ssclines_b5	ssclines_nequal_mbreaks
1231896	primary_ssclines	MVP1231896	mod-polygenic_2-trait-pleiotropy-equal-S	mod-polygenic	SS-Clines	N-equal_m_breaks	2	1	5	5	0.0823	0.9398	1e-04	31472	503	35	35	35	0.5747	ssclines_b5	ssclines_nequal_mbreaks
1232661	primary_ssclines	MVP1232661	oliogenic_2-trait-pleiotropy-unequal-S	oliogenic	SS-Clines	N-equal_m_breaks	2	1	4	4	0.0823	0.9428	1e-04	31652	8	6	6	6	0.4113	ssclines_b5	ssclines_nequal_mbreaks
1232331	primary_ssclines	MVP1232331	mod-polygenic_2-trait-no-pleiotropy-unequal-S	mod-polygenic	SS-Clines	N-equal_m_breaks	2	0	4	4	0.0822	0.9377	0	31454	910	118	69	49	0.4064	ssclines_b5	ssclines_nequal_mbreaks
1232781	primary_ssclines	MVP1232781	mod-polygenic_2-trait-no-pleiotropy-unequal-S	mod-polygenic	SS-Clines	N-equal_m_breaks	2	0	5	5	0.0822	0.9359	1e-04	31346	927	104	55	48	0.4124	ssclines_b5	ssclines_nequal_mbreaks
1231686	primary_ssclines	MVP1231686	mod-polygenic_2-trait-pleiotropy-unequal-S	mod-polygenic	SS-Clines	N-equal_m_breaks	2	1	4	4	0.0821	0.9353	1e-04	31318	619	42	42	42	0.4081	ssclines_b5	ssclines_nequal_mbreaks
1233171	primary_ssclines	MVP1233171	highly-polygenic_2-trait-pleiotropy-equal-S	highly-polygenic	SS-Clines	N-equal_m_breaks	2	1	5	5	0.082	0.9458	1e-04	31887	3158	453	452	452	0.566	ssclines_b5	ssclines_nequal_mbreaks
1232181	primary_ssclines	MVP1232181	oliogenic_2-trait-no-pleiotropy-unequal-S	oliogenic	SS-Clines	N-equal_m_breaks	2	0	1	2	0.0817	0.9348	0.0031	31746	14	7	3	4	0.3972	ssclines_b5	ssclines_nequal_mbreaks
1232361	primary_ssclines	MVP1232361	mod-polygenic_2-trait-pleiotropy-unequal-S	mod-polygenic	SS-Clines	N-equal_m_breaks	2	1	5	5	0.0816	0.939	3e-04	31613	588	35	35	35	0.4074	ssclines_b5	ssclines_nequal_mbreaks
1232691	primary_ssclines	MVP1232691	highly-polygenic_2-trait-no-pleiotropy-equal-S	highly-polygenic	SS-Clines	N-equal_m_breaks	2	0	5	5	0.0816	0.9408	0.0015	32322	3422	642	319	320	0.5777	ssclines_b5	ssclines_nequal_mbreaks
1231116	primary_ssclines	MVP1231116	highly-polygenic_2-trait-no-pleiotropy-equal-S	highly-polygenic	SS-Clines	N-equal_m_breaks	2	0	1	2	0.0815	0.9423	0	32406	3562	677	299	377	0.5708	ssclines_b5	ssclines_nequal_mbreaks
1231956	primary_ssclines	MVP1231956	oliogenic_2-trait-no-pleiotropy-unequal-S	oliogenic	SS-Clines	N-equal_m_breaks	2	0	2	2	0.0815	0.9407	0.0011	31310	17	9	2	7	0.4211	ssclines_b5	ssclines_nequal_mbreaks
1233306	primary_ssclines	MVP1233306	oliogenic_2-trait-no-pleiotropy-unequal-S	oliogenic	SS-Clines	N-equal_m_breaks	2	0	1	2	0.0815	0.9342	7e-04	31920	13	8	5	3	0.4051	ssclines_b5	ssclines_nequal_mbreaks
1231281	primary_ssclines	MVP1231281	oliogenic_2-trait-no-pleiotropy-unequal-S	oliogenic	SS-Clines	N-equal_m_breaks	2	0	4	4	0.0813	0.9379	3e-04	32001	18	8	3	5	0.3914	ssclines_b5	ssclines_nequal_mbreaks
1231311	primary_ssclines	MVP1231311	oliogenic_2-trait-pleiotropy-unequal-S	oliogenic	SS-Clines	N-equal_m_breaks	2	1	1	2	0.0813	0.934	0.0038	31148	14	9	9	9	0.3998	ssclines_b5	ssclines_nequal_mbreaks
1233006	primary_ssclines	MVP1233006	mod-polygenic_2-trait-no-pleiotropy-unequal-S	mod-polygenic	SS-Clines	N-equal_m_breaks	2	0	1	2	0.0813	0.9375	1e-04	31456	936	89	55	34	0.409	ssclines_b5	ssclines_nequal_mbreaks
1233111	primary_ssclines	MVP1233111	oliogenic_2-trait-pleiotropy-unequal-S	oliogenic	SS-Clines	N-equal_m_breaks	2	1	4	4	0.0813	0.9377	7e-04	31681	9	6	6	6	0.41	ssclines_b5	ssclines_nequal_mbreaks
1231461	primary_ssclines	MVP1231461	mod-polygenic_2-trait-pleiotropy-unequal-S	mod-polygenic	SS-Clines	N-equal_m_breaks	2	1	4	4	0.0812	0.9375	0	31714	601	31	31	31	0.4063	ssclines_b5	ssclines_nequal_mbreaks
1231761	primary_ssclines	MVP1231761	oliogenic_2-trait-pleiotropy-unequal-S	oliogenic	SS-Clines	N-equal_m_breaks	2	1	1	2	0.0812	0.9391	6e-04	31482	10	6	6	6	0.3771	ssclines_b5	ssclines_nequal_mbreaks
1233231	primary_ssclines	MVP1233231	mod-polygenic_2-trait-no-pleiotropy-unequal-S	mod-polygenic	SS-Clines	N-equal_m_breaks	2	0	5	5	0.0812	0.9421	9e-04	31497	915	120	68	52	0.4094	ssclines_b5	ssclines_nequal_mbreaks
1233336	primary_ssclines	MVP1233336	oliogenic_2-trait-pleiotropy-unequal-S	oliogenic	SS-Clines	N-equal_m_breaks	2	1	5	5	0.0812	0.9393	0.0047	31447	7	7	7	7	0.4017	ssclines_b5	ssclines_nequal_mbreaks
1231656	primary_ssclines	MVP1231656	mod-polygenic_2-trait-no-pleiotropy-unequal-S	mod-polygenic	SS-Clines	N-equal_m_breaks	2	0	1	2	0.0811	0.9363	7e-04	32000	868	88	54	34	0.4085	ssclines_b5	ssclines_nequal_mbreaks
1231731	primary_ssclines	MVP1231731	oliogenic_2-trait-no-pleiotropy-unequal-S	oliogenic	SS-Clines	N-equal_m_breaks	2	0	1	2	0.081	0.9359	0.002	31180	11	8	3	5	0.4112	ssclines_b5	ssclines_nequal_mbreaks
1232136	primary_ssclines	MVP1232136	mod-polygenic_2-trait-pleiotropy-unequal-S	mod-polygenic	SS-Clines	N-equal_m_breaks	2	1	1	2	0.0808	0.9385	0	31616	644	34	34	34	0.4077	ssclines_b5	ssclines_nequal_mbreaks
1232946	primary_ssclines	MVP1232946	highly-polygenic_2-trait-pleiotropy-equal-S	highly-polygenic	SS-Clines	N-equal_m_breaks	2	1	5	5	0.0806	0.9394	0.0022	31836	3204	454	453	453	0.5724	ssclines_b5	ssclines_nequal_mbreaks
1233036	primary_ssclines	MVP1233036	mod-polygenic_2-trait-pleiotropy-unequal-S	mod-polygenic	SS-Clines	N-equal_m_breaks	2	1	4	4	0.0806	0.9381	4e-04	31506	622	37	37	37	0.4079	ssclines_b5	ssclines_nequal_mbreaks
1231536	primary_ssclines	MVP1231536	oliogenic_2-trait-pleiotropy-unequal-S	oliogenic	SS-Clines	N-equal_m_breaks	2	1	1	2	0.0805	0.9381	5e-04	31599	10	6	6	6	0.398	ssclines_b5	ssclines_nequal_mbreaks
1232706	primary_ssclines	MVP1232706	highly-polygenic_2-trait-no-pleiotropy-unequal-S	highly-polygenic	SS-Clines	N-equal_m_breaks	2	0	5	5	0.0805	0.9431	4e-04	32225	3719	734	384	349	0.4123	ssclines_b5	ssclines_nequal_mbreaks
1231986	primary_ssclines	MVP1231986	oliogenic_2-trait-pleiotropy-unequal-S	oliogenic	SS-Clines	N-equal_m_breaks	2	1	1	2	0.0804	0.9413	0.0015	31483	7	6	6	6	0.4127	ssclines_b5	ssclines_nequal_mbreaks
1232436	primary_ssclines	MVP1232436	oliogenic_2-trait-pleiotropy-unequal-S	oliogenic	SS-Clines	N-equal_m_breaks	2	1	4	4	0.0802	0.9283	4e-04	31671	8	5	5	5	0.3863	ssclines_b5	ssclines_nequal_mbreaks
1231911	primary_ssclines	MVP1231911	mod-polygenic_2-trait-pleiotropy-unequal-S	mod-polygenic	SS-Clines	N-equal_m_breaks	2	1	4	4	0.0801	0.9379	0.0034	31747	602	36	36	36	0.4067	ssclines_b5	ssclines_nequal_mbreaks
1232556	primary_ssclines	MVP1232556	mod-polygenic_2-trait-no-pleiotropy-unequal-S	mod-polygenic	SS-Clines	N-equal_m_breaks	2	0	4	4	0.0798	0.9368	0	31627	978	105	66	39	0.4096	ssclines_b5	ssclines_nequal_mbreaks
1233261	primary_ssclines	MVP1233261	mod-polygenic_2-trait-pleiotropy-unequal-S	mod-polygenic	SS-Clines	N-equal_m_breaks	2	1	4	4	0.0798	0.9416	0	31643	593	30	30	30	0.4066	ssclines_b5	ssclines_nequal_mbreaks
1231356	primary_ssclines	MVP1231356	highly-polygenic_2-trait-no-pleiotropy-unequal-S	highly-polygenic	SS-Clines	N-equal_m_breaks	2	0	1	2	0.0797	0.9404	2e-04	32069	3677	714	383	331	0.4092	ssclines_b5	ssclines_nequal_mbreaks
1232481	primary_ssclines	MVP1232481	highly-polygenic_2-trait-no-pleiotropy-unequal-S	highly-polygenic	SS-Clines	N-equal_m_breaks	2	0	5	5	0.0797	0.9363	5e-04	32239	3654	681	362	316	0.4085	ssclines_b5	ssclines_nequal_mbreaks
1232511	primary_ssclines	MVP1232511	highly-polygenic_2-trait-pleiotropy-unequal-S	highly-polygenic	SS-Clines	N-equal_m_breaks	2	1	1	2	0.0797	0.9437	2e-04	32328	3386	549	548	548	0.4085	ssclines_b5	ssclines_nequal_mbreaks
1233156	primary_ssclines	MVP1233156	highly-polygenic_2-trait-no-pleiotropy-unequal-S	highly-polygenic	SS-Clines	N-equal_m_breaks	2	0	4	4	0.0797	0.9352	0.0041	32050	3621	741	408	332	0.4092	ssclines_b5	ssclines_nequal_mbreaks
1231581	primary_ssclines	MVP1231581	highly-polygenic_2-trait-no-pleiotropy-unequal-S	highly-polygenic	SS-Clines	N-equal_m_breaks	2	0	1	2	0.0795	0.9414	2e-04	32411	3672	710	372	338	0.4145	ssclines_b5	ssclines_nequal_mbreaks
1232586	primary_ssclines	MVP1232586	mod-polygenic_2-trait-pleiotropy-unequal-S	mod-polygenic	SS-Clines	N-equal_m_breaks	2	1	4	4	0.0794	0.934	0.0052	31539	614	40	40	40	0.404	ssclines_b5	ssclines_nequal_mbreaks
1232631	primary_ssclines	MVP1232631	oliogenic_2-trait-no-pleiotropy-unequal-S	oliogenic	SS-Clines	N-equal_m_breaks	2	0	1	2	0.0794	0.9414	1e-04	31243	18	7	2	5	0.4133	ssclines_b5	ssclines_nequal_mbreaks
1232886	primary_ssclines	MVP1232886	oliogenic_2-trait-pleiotropy-unequal-S	oliogenic	SS-Clines	N-equal_m_breaks	2	1	4	4	0.0794	0.9371	3e-04	30907	10	7	7	7	0.4035	ssclines_b5	ssclines_nequal_mbreaks
1233081	primary_ssclines	MVP1233081	oliogenic_2-trait-no-pleiotropy-unequal-S	oliogenic	SS-Clines	N-equal_m_breaks	2	0	1	2	0.0794	0.9446	1e-04	31687	12	6	3	3	0.4128	ssclines_b5	ssclines_nequal_mbreaks
1232286	primary_ssclines	MVP1232286	highly-polygenic_2-trait-pleiotropy-unequal-S	highly-polygenic	SS-Clines	N-equal_m_breaks	2	1	5	5	0.0793	0.9325	0.0014	32545	3445	571	568	568	0.4076	ssclines_b5	ssclines_nequal_mbreaks
1232811	primary_ssclines	MVP1232811	mod-polygenic_2-trait-pleiotropy-unequal-S	mod-polygenic	SS-Clines	N-equal_m_breaks	2	1	4	4	0.0792	0.9402	0	31805	620	42	42	42	0.4039	ssclines_b5	ssclines_nequal_mbreaks
1232856	primary_ssclines	MVP1232856	oliogenic_2-trait-no-pleiotropy-unequal-S	oliogenic	SS-Clines	N-equal_m_breaks	2	0	1	2	0.0792	0.9399	1e-04	31353	12	7	4	3	0.412	ssclines_b5	ssclines_nequal_mbreaks
1232211	primary_ssclines	MVP1232211	oliogenic_2-trait-pleiotropy-unequal-S	oliogenic	SS-Clines	N-equal_m_breaks	2	1	1	2	0.0791	0.9292	0	31588	15	6	6	6	0.3855	ssclines_b5	ssclines_nequal_mbreaks
1231806	primary_ssclines	MVP1231806	highly-polygenic_2-trait-no-pleiotropy-unequal-S	highly-polygenic	SS-Clines	N-equal_m_breaks	2	0	4	4	0.079	0.9428	8e-04	32388	3621	750	395	352	0.4101	ssclines_b5	ssclines_nequal_mbreaks
1231131	primary_ssclines	MVP1231131	highly-polygenic_2-trait-no-pleiotropy-unequal-S	highly-polygenic	SS-Clines	N-equal_m_breaks	2	0	4	4	0.0789	0.9408	0.0014	32419	3627	747	386	360	0.4094	ssclines_b5	ssclines_nequal_mbreaks
1231236	primary_ssclines	MVP1231236	mod-polygenic_2-trait-pleiotropy-unequal-S	mod-polygenic	SS-Clines	N-equal_m_breaks	2	1	1	2	0.0789	0.9396	9e-04	31806	588	35	35	35	0.4027	ssclines_b5	ssclines_nequal_mbreaks
1232736	primary_ssclines	MVP1232736	highly-polygenic_2-trait-pleiotropy-unequal-S	highly-polygenic	SS-Clines	N-equal_m_breaks	2	1	5	5	0.0787	0.9412	6e-04	31969	3449	554	551	551	0.4041	ssclines_b5	ssclines_nequal_mbreaks
1231206	primary_ssclines	MVP1231206	mod-polygenic_2-trait-no-pleiotropy-unequal-S	mod-polygenic	SS-Clines	N-equal_m_breaks	2	0	1	2	0.0785	0.9405	8e-04	31635	913	95	53	42	0.4078	ssclines_b5	ssclines_nequal_mbreaks
1232931	primary_ssclines	MVP1232931	highly-polygenic_2-trait-no-pleiotropy-unequal-S	highly-polygenic	SS-Clines	N-equal_m_breaks	2	0	5	5	0.0785	0.9356	0.0013	32529	3641	712	359	353	0.4098	ssclines_b5	ssclines_nequal_mbreaks
1231386	primary_ssclines	MVP1231386	highly-polygenic_2-trait-pleiotropy-unequal-S	highly-polygenic	SS-Clines	N-equal_m_breaks	2	1	1	2	0.0783	0.9421	1e-04	32123	3476	592	588	588	0.4031	ssclines_b5	ssclines_nequal_mbreaks
1232031	primary_ssclines	MVP1232031	highly-polygenic_2-trait-no-pleiotropy-unequal-S	highly-polygenic	SS-Clines	N-equal_m_breaks	2	0	4	4	0.0783	0.9406	0	32457	3594	705	349	356	0.4084	ssclines_b5	ssclines_nequal_mbreaks
1232061	primary_ssclines	MVP1232061	highly-polygenic_2-trait-pleiotropy-unequal-S	highly-polygenic	SS-Clines	N-equal_m_breaks	2	1	4	4	0.0783	0.9339	7e-04	32441	3330	579	574	574	0.4091	ssclines_b5	ssclines_nequal_mbreaks
1231881	primary_ssclines	MVP1231881	mod-polygenic_2-trait-no-pleiotropy-unequal-S	mod-polygenic	SS-Clines	N-equal_m_breaks	2	0	5	5	0.0779	0.945	4e-04	31906	863	91	58	32	0.4054	ssclines_b5	ssclines_nequal_mbreaks
1231161	primary_ssclines	MVP1231161	highly-polygenic_2-trait-pleiotropy-unequal-S	highly-polygenic	SS-Clines	N-equal_m_breaks	2	1	1	2	0.0776	0.9372	2e-04	32641	3548	598	597	597	0.4043	ssclines_b5	ssclines_nequal_mbreaks
1231611	primary_ssclines	MVP1231611	highly-polygenic_2-trait-pleiotropy-unequal-S	highly-polygenic	SS-Clines	N-equal_m_breaks	2	1	5	5	0.077	0.9403	2e-04	32181	3398	540	540	540	0.4029	ssclines_b5	ssclines_nequal_mbreaks
1232256	primary_ssclines	MVP1232256	highly-polygenic_2-trait-no-pleiotropy-unequal-S	highly-polygenic	SS-Clines	N-equal_m_breaks	2	0	1	2	0.077	0.9384	0.0038	32577	3690	713	390	321	0.406	ssclines_b5	ssclines_nequal_mbreaks
1231836	primary_ssclines	MVP1231836	highly-polygenic_2-trait-pleiotropy-unequal-S	highly-polygenic	SS-Clines	N-equal_m_breaks	2	1	4	4	0.0763	0.9397	1e-04	32168	3445	563	561	561	0.4076	ssclines_b5	ssclines_nequal_mbreaks
1232961	primary_ssclines	MVP1232961	highly-polygenic_2-trait-pleiotropy-unequal-S	highly-polygenic	SS-Clines	N-equal_m_breaks	2	1	1	2	0.0754	0.9368	6e-04	32182	3301	514	514	514	0.4085	ssclines_b5	ssclines_nequal_mbreaks
1233186	primary_ssclines	MVP1233186	highly-polygenic_2-trait-pleiotropy-unequal-S	highly-polygenic	SS-Clines	N-equal_m_breaks	2	1	5	5	0.0753	0.9395	0	32473	3429	571	569	569	0.4078	ssclines_b5	ssclines_nequal_mbreaks
1231972	primary_ssclines	MVP1231972	oliogenic_2-trait-pleiotropy-equal-S	oliogenic	SS-Clines	N-equal_m-constant	2	1	3	3	0.0634	0.9414	0.0172	30817	9	5	5	5	0.5519	ssclines_b3	ssclines_nequal_mconst
1232422	primary_ssclines	MVP1232422	oliogenic_2-trait-pleiotropy-equal-S	oliogenic	SS-Clines	N-equal_m-constant	2	1	3	3	0.0632	0.9465	7e-04	30766	12	8	8	8	0.5474	ssclines_b3	ssclines_nequal_mconst
1231942	primary_ssclines	MVP1231942	oliogenic_2-trait-no-pleiotropy-equal-S	oliogenic	SS-Clines	N-equal_m-constant	2	0	3	3	0.0631	0.1261	0.8227	31069	13	9	5	4	0.5535	ssclines_b3	ssclines_nequal_mconst
1231897	primary_ssclines	MVP1231897	mod-polygenic_2-trait-pleiotropy-equal-S	mod-polygenic	SS-Clines	N-equal_m-constant	2	1	3	3	0.0628	0.8266	0.1293	30796	480	26	26	26	0.5745	ssclines_b3	ssclines_nequal_mconst
1231642	primary_ssclines	MVP1231642	mod-polygenic_2-trait-no-pleiotropy-equal-S	mod-polygenic	SS-Clines	N-equal_m-constant	2	0	3	3	0.0626	0.9627	1e-04	30803	707	80	44	36	0.5729	ssclines_b3	ssclines_nequal_mconst
1232617	primary_ssclines	MVP1232617	oliogenic_2-trait-no-pleiotropy-equal-S	oliogenic	SS-Clines	N-equal_m-constant	2	0	3	3	0.0622	0.0549	0.8991	30891	14	10	5	5	0.5731	ssclines_b3	ssclines_nequal_mconst
1233217	primary_ssclines	MVP1233217	mod-polygenic_2-trait-no-pleiotropy-equal-S	mod-polygenic	SS-Clines	N-equal_m-constant	2	0	3	3	0.0622	0.934	0.0255	30812	803	93	45	48	0.5704	ssclines_b3	ssclines_nequal_mconst
1233097	primary_ssclines	MVP1233097	oliogenic_2-trait-pleiotropy-equal-S	oliogenic	SS-Clines	N-equal_m-constant	2	1	3	3	0.0621	0.7262	0.2219	30914	14	8	8	8	0.5441	ssclines_b3	ssclines_nequal_mconst
1232392	primary_ssclines	MVP1232392	oliogenic_2-trait-no-pleiotropy-equal-S	oliogenic	SS-Clines	N-equal_m-constant	2	0	3	3	0.0618	0.081	0.8758	31202	13	9	4	5	0.5584	ssclines_b3	ssclines_nequal_mconst
1231417	primary_ssclines	MVP1231417	mod-polygenic_2-trait-no-pleiotropy-equal-S	mod-polygenic	SS-Clines	N-equal_m-constant	2	0	3	3	0.0615	0.3364	0.622	31033	736	84	35	49	0.5677	ssclines_b3	ssclines_nequal_mconst
1232122	primary_ssclines	MVP1232122	mod-polygenic_2-trait-pleiotropy-equal-S	mod-polygenic	SS-Clines	N-equal_m-constant	2	1	3	3	0.0615	0.9191	0.0405	30882	461	27	27	27	0.5692	ssclines_b3	ssclines_nequal_mconst
1232842	primary_ssclines	MVP1232842	oliogenic_2-trait-no-pleiotropy-equal-S	oliogenic	SS-Clines	N-equal_m-constant	2	0	2	2	0.0614	0.9332	0.0283	31130	15	11	6	5	0.5641	ssclines_b3	ssclines_nequal_mconst
1233292	primary_ssclines	MVP1233292	oliogenic_2-trait-no-pleiotropy-equal-S	oliogenic	SS-Clines	N-equal_m-constant	2	0	3	3	0.0613	0.9559	4e-04	30739	14	10	5	5	0.566	ssclines_b3	ssclines_nequal_mconst
1231447	primary_ssclines	MVP1231447	mod-polygenic_2-trait-pleiotropy-equal-S	mod-polygenic	SS-Clines	N-equal_m-constant	2	1	3	3	0.0612	0.9526	0.001	31046	497	27	27	27	0.5728	ssclines_b3	ssclines_nequal_mconst
1232647	primary_ssclines	MVP1232647	oliogenic_2-trait-pleiotropy-equal-S	oliogenic	SS-Clines	N-equal_m-constant	2	1	3	3	0.0612	0.0724	0.8839	30994	11	7	7	7	0.5432	ssclines_b3	ssclines_nequal_mconst
1231267	primary_ssclines	MVP1231267	oliogenic_2-trait-no-pleiotropy-equal-S	oliogenic	SS-Clines	N-equal_m-constant	2	0	3	3	0.0611	0.9105	0.051	31138	14	9	4	5	0.5725	ssclines_b3	ssclines_nequal_mconst
1231522	primary_ssclines	MVP1231522	oliogenic_2-trait-pleiotropy-equal-S	oliogenic	SS-Clines	N-equal_m-constant	2	1	2	2	0.0611	0.3881	0.5686	30867	10	7	7	7	0.5572	ssclines_b3	ssclines_nequal_mconst
1232767	primary_ssclines	MVP1232767	mod-polygenic_2-trait-no-pleiotropy-equal-S	mod-polygenic	SS-Clines	N-equal_m-constant	2	0	3	3	0.0611	0.728	0.2341	30743	755	78	40	38	0.5721	ssclines_b3	ssclines_nequal_mconst
1231492	primary_ssclines	MVP1231492	oliogenic_2-trait-no-pleiotropy-equal-S	oliogenic	SS-Clines	N-equal_m-constant	2	0	3	3	0.061	0.7673	0.1924	30854	10	6	3	3	0.5702	ssclines_b3	ssclines_nequal_mconst
1233022	primary_ssclines	MVP1233022	mod-polygenic_2-trait-pleiotropy-equal-S	mod-polygenic	SS-Clines	N-equal_m-constant	2	1	3	3	0.0608	0.0442	0.9168	31215	527	26	26	26	0.5694	ssclines_b3	ssclines_nequal_mconst
1232872	primary_ssclines	MVP1232872	oliogenic_2-trait-pleiotropy-equal-S	oliogenic	SS-Clines	N-equal_m-constant	2	1	3	3	0.0606	0.6164	0.3436	30892	12	8	8	8	0.5563	ssclines_b3	ssclines_nequal_mconst
1233082	primary_ssclines	MVP1233082	oliogenic_2-trait-no-pleiotropy-unequal-S	oliogenic	SS-Clines	N-equal_m-constant	2	0	2	2	0.0606	0.0024	0.9584	31058	11	6	2	4	0.4006	ssclines_b3	ssclines_nequal_mconst
1231222	primary_ssclines	MVP1231222	mod-polygenic_2-trait-pleiotropy-equal-S	mod-polygenic	SS-Clines	N-equal_m-constant	2	1	3	3	0.0605	0.155	0.8055	31057	479	35	35	35	0.5694	ssclines_b3	ssclines_nequal_mconst
1232797	primary_ssclines	MVP1232797	mod-polygenic_2-trait-pleiotropy-equal-S	mod-polygenic	SS-Clines	N-equal_m-constant	2	1	3	3	0.0605	0.2121	0.7477	31229	451	23	23	23	0.5729	ssclines_b3	ssclines_nequal_mconst
1231867	primary_ssclines	MVP1231867	mod-polygenic_2-trait-no-pleiotropy-equal-S	mod-polygenic	SS-Clines	N-equal_m-constant	2	0	3	3	0.0604	0.9566	0.0021	31196	754	85	38	47	0.5734	ssclines_b3	ssclines_nequal_mconst
1233247	primary_ssclines	MVP1233247	mod-polygenic_2-trait-pleiotropy-equal-S	mod-polygenic	SS-Clines	N-equal_m-constant	2	1	3	3	0.0604	0.9175	0.0396	31120	478	32	32	32	0.5699	ssclines_b3	ssclines_nequal_mconst
1231297	primary_ssclines	MVP1231297	oliogenic_2-trait-pleiotropy-equal-S	oliogenic	SS-Clines	N-equal_m-constant	2	1	3	3	0.0603	0.8025	0.1482	30786	9	7	7	7	0.5522	ssclines_b3	ssclines_nequal_mconst
1232167	primary_ssclines	MVP1232167	oliogenic_2-trait-no-pleiotropy-equal-S	oliogenic	SS-Clines	N-equal_m-constant	2	0	3	3	0.0602	0.8399	0.1177	31205	10	6	4	2	0.5548	ssclines_b3	ssclines_nequal_mconst
1231747	primary_ssclines	MVP1231747	oliogenic_2-trait-pleiotropy-equal-S	oliogenic	SS-Clines	N-equal_m-constant	2	1	3	3	0.0601	0.0046	0.939	31280	11	6	6	6	0.5615	ssclines_b3	ssclines_nequal_mconst
1231192	primary_ssclines	MVP1231192	mod-polygenic_2-trait-no-pleiotropy-equal-S	mod-polygenic	SS-Clines	N-equal_m-constant	2	0	3	3	0.06	0.4721	0.4866	30960	758	87	45	42	0.5697	ssclines_b3	ssclines_nequal_mconst
1233142	primary_ssclines	MVP1233142	highly-polygenic_2-trait-no-pleiotropy-equal-S	highly-polygenic	SS-Clines	N-equal_m-constant	2	0	3	3	0.06	0.5966	0.37	31455	3534	646	321	323	0.5694	ssclines_b3	ssclines_nequal_mconst
1232197	primary_ssclines	MVP1232197	oliogenic_2-trait-pleiotropy-equal-S	oliogenic	SS-Clines	N-equal_m-constant	2	1	3	3	0.0599	0.9568	0.0031	30827	9	6	6	6	0.5439	ssclines_b3	ssclines_nequal_mconst
1232947	primary_ssclines	MVP1232947	highly-polygenic_2-trait-pleiotropy-equal-S	highly-polygenic	SS-Clines	N-equal_m-constant	2	1	3	3	0.0599	0.5286	0.4238	31796	3080	445	444	444	0.566	ssclines_b3	ssclines_nequal_mconst
1233322	primary_ssclines	MVP1233322	oliogenic_2-trait-pleiotropy-equal-S	oliogenic	SS-Clines	N-equal_m-constant	2	1	3	3	0.0598	0.8492	0.1019	30924	7	5	5	5	0.5156	ssclines_b3	ssclines_nequal_mconst
1231372	primary_ssclines	MVP1231372	highly-polygenic_2-trait-pleiotropy-equal-S	highly-polygenic	SS-Clines	N-equal_m-constant	2	1	3	3	0.0596	0.6343	0.3286	31405	3133	492	491	491	0.5641	ssclines_b3	ssclines_nequal_mconst
1232092	primary_ssclines	MVP1232092	mod-polygenic_2-trait-no-pleiotropy-equal-S	mod-polygenic	SS-Clines	N-equal_m-constant	2	0	3	3	0.0593	0.826	0.1347	30850	771	94	45	49	0.572	ssclines_b3	ssclines_nequal_mconst
1232542	primary_ssclines	MVP1232542	mod-polygenic_2-trait-no-pleiotropy-equal-S	mod-polygenic	SS-Clines	N-equal_m-constant	2	0	3	3	0.0593	0.7414	0.2194	31172	730	83	43	40	0.5707	ssclines_b3	ssclines_nequal_mconst
1232347	primary_ssclines	MVP1232347	mod-polygenic_2-trait-pleiotropy-equal-S	mod-polygenic	SS-Clines	N-equal_m-constant	2	1	3	3	0.0592	0.8206	0.1352	30589	487	28	28	28	0.5723	ssclines_b3	ssclines_nequal_mconst
1232887	primary_ssclines	MVP1232887	oliogenic_2-trait-pleiotropy-unequal-S	oliogenic	SS-Clines	N-equal_m-constant	2	1	2	2	0.0592	0.0011	0.9536	30552	7	5	5	5	0.3883	ssclines_b3	ssclines_nequal_mconst
1231717	primary_ssclines	MVP1231717	oliogenic_2-trait-no-pleiotropy-equal-S	oliogenic	SS-Clines	N-equal_m-constant	2	0	2	2	0.0591	0.0848	0.8762	30795	13	8	4	4	0.5728	ssclines_b3	ssclines_nequal_mconst
1231672	primary_ssclines	MVP1231672	mod-polygenic_2-trait-pleiotropy-equal-S	mod-polygenic	SS-Clines	N-equal_m-constant	2	1	3	3	0.059	0.4435	0.5081	30752	479	27	27	27	0.5704	ssclines_b3	ssclines_nequal_mconst
1231282	primary_ssclines	MVP1231282	oliogenic_2-trait-no-pleiotropy-unequal-S	oliogenic	SS-Clines	N-equal_m-constant	2	0	3	3	0.0589	0.0135	0.9316	31028	11	8	3	5	0.3851	ssclines_b3	ssclines_nequal_mconst
1233067	primary_ssclines	MVP1233067	oliogenic_2-trait-no-pleiotropy-equal-S	oliogenic	SS-Clines	N-equal_m-constant	2	0	3	3	0.0589	0.923	0.036	31238	12	8	5	3	0.5749	ssclines_b3	ssclines_nequal_mconst
1232317	primary_ssclines	MVP1232317	mod-polygenic_2-trait-no-pleiotropy-equal-S	mod-polygenic	SS-Clines	N-equal_m-constant	2	0	3	3	0.0587	0.094	0.8688	30968	768	106	49	57	0.5701	ssclines_b3	ssclines_nequal_mconst
1232407	primary_ssclines	MVP1232407	oliogenic_2-trait-no-pleiotropy-unequal-S	oliogenic	SS-Clines	N-equal_m-constant	2	0	2	2	0.0586	0	0.9599	31205	22	9	5	4	0.4138	ssclines_b3	ssclines_nequal_mconst
1232692	primary_ssclines	MVP1232692	highly-polygenic_2-trait-no-pleiotropy-equal-S	highly-polygenic	SS-Clines	N-equal_m-constant	2	0	3	3	0.0584	0.0041	0.9567	31581	3513	684	330	354	0.5677	ssclines_b3	ssclines_nequal_mconst
1233112	primary_ssclines	MVP1233112	oliogenic_2-trait-pleiotropy-unequal-S	oliogenic	SS-Clines	N-equal_m-constant	2	1	2	2	0.0583	1e-04	0.9633	31077	9	6	6	6	0.4075	ssclines_b3	ssclines_nequal_mconst
1232662	primary_ssclines	MVP1232662	oliogenic_2-trait-pleiotropy-unequal-S	oliogenic	SS-Clines	N-equal_m-constant	2	1	3	3	0.0582	0.6535	0.2918	30860	8	4	4	4	0.373	ssclines_b3	ssclines_nequal_mconst
1231732	primary_ssclines	MVP1231732	oliogenic_2-trait-no-pleiotropy-unequal-S	oliogenic	SS-Clines	N-equal_m-constant	2	0	3	3	0.0581	0.0055	0.9523	30842	16	8	2	6	0.4002	ssclines_b3	ssclines_nequal_mconst
1232857	primary_ssclines	MVP1232857	oliogenic_2-trait-no-pleiotropy-unequal-S	oliogenic	SS-Clines	N-equal_m-constant	2	0	2	2	0.0581	0.0415	0.9166	30972	16	8	3	5	0.403	ssclines_b3	ssclines_nequal_mconst
1232242	primary_ssclines	MVP1232242	highly-polygenic_2-trait-no-pleiotropy-equal-S	highly-polygenic	SS-Clines	N-equal_m-constant	2	0	3	3	0.058	0.5051	0.4542	31431	3440	669	343	326	0.569	ssclines_b3	ssclines_nequal_mconst
1232497	primary_ssclines	MVP1232497	highly-polygenic_2-trait-pleiotropy-equal-S	highly-polygenic	SS-Clines	N-equal_m-constant	2	1	3	3	0.058	0.7024	0.2595	31483	3268	526	526	526	0.5631	ssclines_b3	ssclines_nequal_mconst
1232917	primary_ssclines	MVP1232917	highly-polygenic_2-trait-no-pleiotropy-equal-S	highly-polygenic	SS-Clines	N-equal_m-constant	2	0	3	3	0.058	0.4998	0.4605	31678	3547	652	332	319	0.5732	ssclines_b3	ssclines_nequal_mconst
1232992	primary_ssclines	MVP1232992	mod-polygenic_2-trait-no-pleiotropy-equal-S	mod-polygenic	SS-Clines	N-equal_m-constant	2	0	3	3	0.058	0.8735	0.0843	31795	723	85	38	47	0.572	ssclines_b3	ssclines_nequal_mconst
1231342	primary_ssclines	MVP1231342	highly-polygenic_2-trait-no-pleiotropy-equal-S	highly-polygenic	SS-Clines	N-equal_m-constant	2	0	3	3	0.0579	0.0223	0.9355	31370	3488	614	286	327	0.5704	ssclines_b3	ssclines_nequal_mconst
1231792	primary_ssclines	MVP1231792	highly-polygenic_2-trait-no-pleiotropy-equal-S	highly-polygenic	SS-Clines	N-equal_m-constant	2	0	3	3	0.0579	0.7361	0.2259	31574	3659	681	350	330	0.5695	ssclines_b3	ssclines_nequal_mconst
1231912	primary_ssclines	MVP1231912	mod-polygenic_2-trait-pleiotropy-unequal-S	mod-polygenic	SS-Clines	N-equal_m-constant	2	1	3	3	0.0579	0.0065	0.9532	30753	618	30	30	30	0.4061	ssclines_b3	ssclines_nequal_mconst
1232272	primary_ssclines	MVP1232272	highly-polygenic_2-trait-pleiotropy-equal-S	highly-polygenic	SS-Clines	N-equal_m-constant	2	1	3	3	0.0579	0.7731	0.1908	31615	3305	520	518	518	0.5626	ssclines_b3	ssclines_nequal_mconst
1232572	primary_ssclines	MVP1232572	mod-polygenic_2-trait-pleiotropy-equal-S	mod-polygenic	SS-Clines	N-equal_m-constant	2	1	3	3	0.0579	0.7796	0.1735	31373	467	37	37	37	0.5673	ssclines_b3	ssclines_nequal_mconst
1231567	primary_ssclines	MVP1231567	highly-polygenic_2-trait-no-pleiotropy-equal-S	highly-polygenic	SS-Clines	N-equal_m-constant	2	0	3	3	0.0577	0.4894	0.4668	31935	3460	698	347	350	0.5696	ssclines_b3	ssclines_nequal_mconst
1231597	primary_ssclines	MVP1231597	highly-polygenic_2-trait-pleiotropy-equal-S	highly-polygenic	SS-Clines	N-equal_m-constant	2	1	3	3	0.0577	0.1754	0.7856	31800	3255	506	505	505	0.5647	ssclines_b3	ssclines_nequal_mconst
1231762	primary_ssclines	MVP1231762	oliogenic_2-trait-pleiotropy-unequal-S	oliogenic	SS-Clines	N-equal_m-constant	2	1	3	3	0.0577	0.0246	0.9279	31295	8	6	6	6	0.3821	ssclines_b3	ssclines_nequal_mconst
1232782	primary_ssclines	MVP1232782	mod-polygenic_2-trait-no-pleiotropy-unequal-S	mod-polygenic	SS-Clines	N-equal_m-constant	2	0	3	3	0.0577	0.1327	0.8242	31320	907	97	65	32	0.4045	ssclines_b3	ssclines_nequal_mconst
1231162	primary_ssclines	MVP1231162	highly-polygenic_2-trait-pleiotropy-unequal-S	highly-polygenic	SS-Clines	N-equal_m-constant	2	1	3	3	0.0576	0.0013	0.9589	31629	3428	569	569	569	0.4024	ssclines_b3	ssclines_nequal_mconst
1232722	primary_ssclines	MVP1232722	highly-polygenic_2-trait-pleiotropy-equal-S	highly-polygenic	SS-Clines	N-equal_m-constant	2	1	3	3	0.0576	0.1774	0.7789	31156	3069	474	474	474	0.5629	ssclines_b3	ssclines_nequal_mconst
1231117	primary_ssclines	MVP1231117	highly-polygenic_2-trait-no-pleiotropy-equal-S	highly-polygenic	SS-Clines	N-equal_m-constant	2	0	3	3	0.0575	0.7344	0.2218	31725	3453	646	327	317	0.5712	ssclines_b3	ssclines_nequal_mconst
1231462	primary_ssclines	MVP1231462	mod-polygenic_2-trait-pleiotropy-unequal-S	mod-polygenic	SS-Clines	N-equal_m-constant	2	1	3	3	0.0574	0.0281	0.9283	31442	680	41	41	41	0.4051	ssclines_b3	ssclines_nequal_mconst
1231822	primary_ssclines	MVP1231822	highly-polygenic_2-trait-pleiotropy-equal-S	highly-polygenic	SS-Clines	N-equal_m-constant	2	1	3	3	0.0574	0.9318	0.0303	31591	3278	512	510	510	0.564	ssclines_b3	ssclines_nequal_mconst
1232017	primary_ssclines	MVP1232017	highly-polygenic_2-trait-no-pleiotropy-equal-S	highly-polygenic	SS-Clines	N-equal_m-constant	2	0	3	3	0.0574	0.7569	0.206	31621	3460	604	323	280	0.5676	ssclines_b3	ssclines_nequal_mconst
1232587	primary_ssclines	MVP1232587	mod-polygenic_2-trait-pleiotropy-unequal-S	mod-polygenic	SS-Clines	N-equal_m-constant	2	1	3	3	0.0573	0.0078	0.9522	31130	627	41	41	41	0.4058	ssclines_b3	ssclines_nequal_mconst
1231147	primary_ssclines	MVP1231147	highly-polygenic_2-trait-pleiotropy-equal-S	highly-polygenic	SS-Clines	N-equal_m-constant	2	1	3	3	0.057	0.5422	0.4176	31864	3021	454	454	454	0.5635	ssclines_b3	ssclines_nequal_mconst
1231237	primary_ssclines	MVP1231237	mod-polygenic_2-trait-pleiotropy-unequal-S	mod-polygenic	SS-Clines	N-equal_m-constant	2	1	3	3	0.057	0.021	0.9383	31036	619	38	38	38	0.4028	ssclines_b3	ssclines_nequal_mconst
1232047	primary_ssclines	MVP1232047	highly-polygenic_2-trait-pleiotropy-equal-S	highly-polygenic	SS-Clines	N-equal_m-constant	2	1	3	3	0.057	0.5099	0.4466	31244	3155	502	502	502	0.5609	ssclines_b3	ssclines_nequal_mconst
1233172	primary_ssclines	MVP1233172	highly-polygenic_2-trait-pleiotropy-equal-S	highly-polygenic	SS-Clines	N-equal_m-constant	2	1	3	3	0.057	0.8985	0.0543	31832	3202	460	460	460	0.5691	ssclines_b3	ssclines_nequal_mconst
1232467	primary_ssclines	MVP1232467	highly-polygenic_2-trait-no-pleiotropy-equal-S	highly-polygenic	SS-Clines	N-equal_m-constant	2	0	3	3	0.0568	0.9061	0.0526	31312	3443	672	328	344	0.5687	ssclines_b3	ssclines_nequal_mconst
1232362	primary_ssclines	MVP1232362	mod-polygenic_2-trait-pleiotropy-unequal-S	mod-polygenic	SS-Clines	N-equal_m-constant	2	1	3	3	0.0567	0.0214	0.9366	30980	639	48	48	48	0.4064	ssclines_b3	ssclines_nequal_mconst
1232812	primary_ssclines	MVP1232812	mod-polygenic_2-trait-pleiotropy-unequal-S	mod-polygenic	SS-Clines	N-equal_m-constant	2	1	3	3	0.0567	0.0452	0.9121	31207	661	36	36	36	0.4027	ssclines_b3	ssclines_nequal_mconst
1231537	primary_ssclines	MVP1231537	oliogenic_2-trait-pleiotropy-unequal-S	oliogenic	SS-Clines	N-equal_m-constant	2	1	3	3	0.0566	0.0088	0.9494	31696	12	6	6	6	0.3959	ssclines_b3	ssclines_nequal_mconst
1232632	primary_ssclines	MVP1232632	oliogenic_2-trait-no-pleiotropy-unequal-S	oliogenic	SS-Clines	N-equal_m-constant	2	0	2	2	0.0566	0.1069	0.8519	31219	13	7	3	4	0.4017	ssclines_b3	ssclines_nequal_mconst
1233307	primary_ssclines	MVP1233307	oliogenic_2-trait-no-pleiotropy-unequal-S	oliogenic	SS-Clines	N-equal_m-constant	2	0	3	3	0.0565	0.0014	0.9494	31014	13	6	2	4	0.3663	ssclines_b3	ssclines_nequal_mconst
1231432	primary_ssclines	MVP1231432	mod-polygenic_2-trait-no-pleiotropy-unequal-S	mod-polygenic	SS-Clines	N-equal_m-constant	2	0	3	3	0.0564	0.0208	0.9356	31093	914	111	70	41	0.4058	ssclines_b3	ssclines_nequal_mconst
1231987	primary_ssclines	MVP1231987	oliogenic_2-trait-pleiotropy-unequal-S	oliogenic	SS-Clines	N-equal_m-constant	2	1	3	3	0.0564	0	0.9584	31156	16	7	7	7	0.3895	ssclines_b3	ssclines_nequal_mconst
1232137	primary_ssclines	MVP1232137	mod-polygenic_2-trait-pleiotropy-unequal-S	mod-polygenic	SS-Clines	N-equal_m-constant	2	1	3	3	0.0564	0.1219	0.8368	30946	597	41	41	41	0.406	ssclines_b3	ssclines_nequal_mconst
1231507	primary_ssclines	MVP1231507	oliogenic_2-trait-no-pleiotropy-unequal-S	oliogenic	SS-Clines	N-equal_m-constant	2	0	2	2	0.0563	5e-04	0.9569	31096	17	6	3	3	0.3777	ssclines_b3	ssclines_nequal_mconst
1231807	primary_ssclines	MVP1231807	highly-polygenic_2-trait-no-pleiotropy-unequal-S	highly-polygenic	SS-Clines	N-equal_m-constant	2	0	3	3	0.0563	0.1089	0.8495	31719	3641	738	376	359	0.4043	ssclines_b3	ssclines_nequal_mconst
1232437	primary_ssclines	MVP1232437	oliogenic_2-trait-pleiotropy-unequal-S	oliogenic	SS-Clines	N-equal_m-constant	2	1	3	3	0.0563	0.9029	0.0441	30735	6	4	4	4	0.387	ssclines_b3	ssclines_nequal_mconst
1233007	primary_ssclines	MVP1233007	mod-polygenic_2-trait-no-pleiotropy-unequal-S	mod-polygenic	SS-Clines	N-equal_m-constant	2	0	3	3	0.0563	0.0096	0.9489	31302	881	97	55	42	0.405	ssclines_b3	ssclines_nequal_mconst
1232257	primary_ssclines	MVP1232257	highly-polygenic_2-trait-no-pleiotropy-unequal-S	highly-polygenic	SS-Clines	N-equal_m-constant	2	0	3	3	0.0561	0.0028	0.9601	31859	3618	744	424	318	0.4095	ssclines_b3	ssclines_nequal_mconst
1231957	primary_ssclines	MVP1231957	oliogenic_2-trait-no-pleiotropy-unequal-S	oliogenic	SS-Clines	N-equal_m-constant	2	0	2	2	0.056	0.0138	0.9483	31569	15	8	3	5	0.4074	ssclines_b3	ssclines_nequal_mconst
1232707	primary_ssclines	MVP1232707	highly-polygenic_2-trait-no-pleiotropy-unequal-S	highly-polygenic	SS-Clines	N-equal_m-constant	2	0	3	3	0.056	0.0469	0.9162	32049	3758	729	392	336	0.4056	ssclines_b3	ssclines_nequal_mconst
1231312	primary_ssclines	MVP1231312	oliogenic_2-trait-pleiotropy-unequal-S	oliogenic	SS-Clines	N-equal_m-constant	2	1	3	3	0.0559	0.0186	0.9394	30803	8	5	5	5	0.3937	ssclines_b3	ssclines_nequal_mconst
1232212	primary_ssclines	MVP1232212	oliogenic_2-trait-pleiotropy-unequal-S	oliogenic	SS-Clines	N-equal_m-constant	2	1	3	3	0.0559	0.0126	0.9447	31269	9	6	6	6	0.386	ssclines_b3	ssclines_nequal_mconst
1231207	primary_ssclines	MVP1231207	mod-polygenic_2-trait-no-pleiotropy-unequal-S	mod-polygenic	SS-Clines	N-equal_m-constant	2	0	3	3	0.0558	0.0044	0.9568	31170	889	109	75	34	0.4082	ssclines_b3	ssclines_nequal_mconst
1231357	primary_ssclines	MVP1231357	highly-polygenic_2-trait-no-pleiotropy-unequal-S	highly-polygenic	SS-Clines	N-equal_m-constant	2	0	3	3	0.0557	0.0029	0.9565	31869	3619	771	447	322	0.4071	ssclines_b3	ssclines_nequal_mconst
1232557	primary_ssclines	MVP1232557	mod-polygenic_2-trait-no-pleiotropy-unequal-S	mod-polygenic	SS-Clines	N-equal_m-constant	2	0	3	3	0.0557	0.003	0.9511	31063	870	98	67	31	0.4104	ssclines_b3	ssclines_nequal_mconst
1232182	primary_ssclines	MVP1232182	oliogenic_2-trait-no-pleiotropy-unequal-S	oliogenic	SS-Clines	N-equal_m-constant	2	0	2	2	0.0556	0.0375	0.9237	31176	14	6	3	3	0.408	ssclines_b3	ssclines_nequal_mconst
1232332	primary_ssclines	MVP1232332	mod-polygenic_2-trait-no-pleiotropy-unequal-S	mod-polygenic	SS-Clines	N-equal_m-constant	2	0	3	3	0.0556	0.002	0.957	31679	989	129	74	55	0.4066	ssclines_b3	ssclines_nequal_mconst
1233232	primary_ssclines	MVP1233232	mod-polygenic_2-trait-no-pleiotropy-unequal-S	mod-polygenic	SS-Clines	N-equal_m-constant	2	0	3	3	0.0556	3e-04	0.9635	31539	936	103	68	35	0.4084	ssclines_b3	ssclines_nequal_mconst
1231687	primary_ssclines	MVP1231687	mod-polygenic_2-trait-pleiotropy-unequal-S	mod-polygenic	SS-Clines	N-equal_m-constant	2	1	3	3	0.0555	0.0949	0.8606	31070	610	37	36	36	0.4077	ssclines_b3	ssclines_nequal_mconst
1233037	primary_ssclines	MVP1233037	mod-polygenic_2-trait-pleiotropy-unequal-S	mod-polygenic	SS-Clines	N-equal_m-constant	2	1	3	3	0.0555	0.0039	0.9522	31133	638	42	42	42	0.4038	ssclines_b3	ssclines_nequal_mconst
1233262	primary_ssclines	MVP1233262	mod-polygenic_2-trait-pleiotropy-unequal-S	mod-polygenic	SS-Clines	N-equal_m-constant	2	1	3	3	0.0555	0.0038	0.953	31264	638	44	44	44	0.4037	ssclines_b3	ssclines_nequal_mconst
1233337	primary_ssclines	MVP1233337	oliogenic_2-trait-pleiotropy-unequal-S	oliogenic	SS-Clines	N-equal_m-constant	2	1	3	3	0.0555	0	0.9521	31490	10	6	6	6	0.3924	ssclines_b3	ssclines_nequal_mconst
1231582	primary_ssclines	MVP1231582	highly-polygenic_2-trait-no-pleiotropy-unequal-S	highly-polygenic	SS-Clines	N-equal_m-constant	2	0	3	3	0.0554	0.0032	0.9545	31474	3631	700	383	316	0.4093	ssclines_b3	ssclines_nequal_mconst
1231657	primary_ssclines	MVP1231657	mod-polygenic_2-trait-no-pleiotropy-unequal-S	mod-polygenic	SS-Clines	N-equal_m-constant	2	0	3	3	0.0554	0.0018	0.9586	31069	885	98	65	33	0.4063	ssclines_b3	ssclines_nequal_mconst
1232962	primary_ssclines	MVP1232962	highly-polygenic_2-trait-pleiotropy-unequal-S	highly-polygenic	SS-Clines	N-equal_m-constant	2	1	3	3	0.0551	0.0023	0.9547	31516	3375	583	583	583	0.4062	ssclines_b3	ssclines_nequal_mconst
1231132	primary_ssclines	MVP1231132	highly-polygenic_2-trait-no-pleiotropy-unequal-S	highly-polygenic	SS-Clines	N-equal_m-constant	2	0	3	3	0.055	0.0161	0.9402	31361	3658	705	366	338	0.4044	ssclines_b3	ssclines_nequal_mconst
1231882	primary_ssclines	MVP1231882	mod-polygenic_2-trait-no-pleiotropy-unequal-S	mod-polygenic	SS-Clines	N-equal_m-constant	2	0	3	3	0.055	4e-04	0.9591	31277	959	111	72	39	0.4049	ssclines_b3	ssclines_nequal_mconst
1232482	primary_ssclines	MVP1232482	highly-polygenic_2-trait-no-pleiotropy-unequal-S	highly-polygenic	SS-Clines	N-equal_m-constant	2	0	3	3	0.055	0.0294	0.9291	31933	3623	701	369	331	0.4076	ssclines_b3	ssclines_nequal_mconst
1232107	primary_ssclines	MVP1232107	mod-polygenic_2-trait-no-pleiotropy-unequal-S	mod-polygenic	SS-Clines	N-equal_m-constant	2	0	3	3	0.0549	0.0097	0.9507	31599	885	113	68	45	0.4055	ssclines_b3	ssclines_nequal_mconst
1232932	primary_ssclines	MVP1232932	highly-polygenic_2-trait-no-pleiotropy-unequal-S	highly-polygenic	SS-Clines	N-equal_m-constant	2	0	3	3	0.0548	0.0097	0.9475	31864	3538	704	387	316	0.4057	ssclines_b3	ssclines_nequal_mconst
1232512	primary_ssclines	MVP1232512	highly-polygenic_2-trait-pleiotropy-unequal-S	highly-polygenic	SS-Clines	N-equal_m-constant	2	1	3	3	0.0545	2e-04	0.9598	31897	3427	588	588	588	0.4027	ssclines_b3	ssclines_nequal_mconst
1232737	primary_ssclines	MVP1232737	highly-polygenic_2-trait-pleiotropy-unequal-S	highly-polygenic	SS-Clines	N-equal_m-constant	2	1	3	3	0.0545	0.042	0.9176	31482	3446	567	566	566	0.4014	ssclines_b3	ssclines_nequal_mconst
1231387	primary_ssclines	MVP1231387	highly-polygenic_2-trait-pleiotropy-unequal-S	highly-polygenic	SS-Clines	N-equal_m-constant	2	1	3	3	0.0543	0.0033	0.9593	31836	3409	616	613	613	0.4005	ssclines_b3	ssclines_nequal_mconst
1232032	primary_ssclines	MVP1232032	highly-polygenic_2-trait-no-pleiotropy-unequal-S	highly-polygenic	SS-Clines	N-equal_m-constant	2	0	2	2	0.0541	0.0265	0.9322	32199	3717	765	411	354	0.4062	ssclines_b3	ssclines_nequal_mconst
1233187	primary_ssclines	MVP1233187	highly-polygenic_2-trait-pleiotropy-unequal-S	highly-polygenic	SS-Clines	N-equal_m-constant	2	1	3	3	0.0539	0.0067	0.9527	31717	3471	599	599	599	0.4035	ssclines_b3	ssclines_nequal_mconst
1231612	primary_ssclines	MVP1231612	highly-polygenic_2-trait-pleiotropy-unequal-S	highly-polygenic	SS-Clines	N-equal_m-constant	2	1	3	3	0.0531	0.017	0.9406	31694	3415	563	563	563	0.4023	ssclines_b3	ssclines_nequal_mconst
1232062	primary_ssclines	MVP1232062	highly-polygenic_2-trait-pleiotropy-unequal-S	highly-polygenic	SS-Clines	N-equal_m-constant	2	1	3	3	0.053	0.004	0.9545	32144	3341	580	578	578	0.4037	ssclines_b3	ssclines_nequal_mconst
1232287	primary_ssclines	MVP1232287	highly-polygenic_2-trait-pleiotropy-unequal-S	highly-polygenic	SS-Clines	N-equal_m-constant	2	1	3	3	0.0528	0.0352	0.9201	31466	3389	604	603	603	0.3997	ssclines_b3	ssclines_nequal_mconst
1231837	primary_ssclines	MVP1231837	highly-polygenic_2-trait-pleiotropy-unequal-S	highly-polygenic	SS-Clines	N-equal_m-constant	2	1	3	3	0.0521	0.0406	0.9141	31763	3435	602	602	602	0.4043	ssclines_b3	ssclines_nequal_mconst
1233157	primary_ssclines	MVP1233157	highly-polygenic_2-trait-no-pleiotropy-unequal-S	highly-polygenic	SS-Clines	N-equal_m-constant	2	0	3	3	0.0521	0.0249	0.9357	31856	3596	693	358	335	0.4078	ssclines_b3	ssclines_nequal_mconst
